CODIGO_HABILITACION,SEDE_NOMBRE,CLPR_CODIGO,SERV_CODIGO,SERV_NOMBRE,AMBULATORIO,HOSPITALARIO,UNIDAD_MOVIL,DOMICILIARIO,OTRAS_EXTRAMURAL,CENTRO_REFERENCIA,INSTITUCION_REMISORA,COMPLEJIDAD_BAJA,COMPLEJIDAD_MEDIA,COMPLEJIDAD_ALTA,FECHA_CIERRE,NUMERO_DISTINTIVO,MODALIDAD_INTRAMURAL,MODALIDAD_EXTRAMURAL,MODALIDAD_UNIDAD_MOVIL,MODALIDAD_DOMICILIARIO,MODALIDAD_JORNADA_SALUD,MODALIDAD_TELEMEDICINA,MODALIDAD_PRESTADOR_REFERENCIA,MODALIDAD_PRESTADOR_REFERENCIA_TELEMEDICINA_INTERACTIVA,MODALIDAD_PRESTADOR_REFERENCIA_TELEMEDICINA_NO_INTERACTIVA,MODALIDAD_PRESTADOR_REFERENCIA_TELE_EXPERTICIA,MODALIDAD_PRESTADOR_REFERENCIA_TELE_MONITOREO,MODALIDAD_PRESTADOR_REMISOR,MODALIDAD_PRESTADOR_REMISOR_TELE_EXPERTICIA,MODALIDAD_PRESTADOR_REMISOR_TELE_MONITOREO,COMPLEJIDADES
760010395906,CENTRO DE SALUD SILOE,1,740,FONOAUDIOLOGIA Y/O TERAPIA DEL LENGUAJE,SI,NO,NO,NO,NO,NO,NO,SI,NO,NO,,DHSS0230076,SI,SI,NO,SI,NO,NO,NO,NO,NO,NO,NO,NO,NO,NO,SIN COMPLEJIDAD
760010395906,CENTRO DE SALUD SILOE,1,739,FISIOTERAPIA,SI,NO,NO,NO,NO,NO,NO,SI,NO,NO,,DHSS0230075,SI,SI,NO,SI,NO,NO,NO,NO,NO,NO,NO,NO,NO,NO,SIN COMPLEJIDAD
760010395923,PUESTO DE SALUD FRAY DAMIAN,1,749,TOMA DE MUESTRAS DE CUELLO UTERINO Y GINECOLOGICAS,SD,SD,SD,SD,SD,SD,SD,SD,SD,SD,,DHSS0232860,SI,NO,NO,NO,NO,NO,NO,NO,NO,NO,NO,NO,NO,NO,SIN COMPLEJIDAD
760010395904,PUESTO DE SALUD BRISAS DE MAYO,1,712,TOMA DE MUESTRAS DE LABORATORIO CLINICO,SI,NO,NO,NO,NO,NO,NO,SI,NO,NO,,DHSS0222224,SI,NO,NO,NO,NO,NO,NO,NO,NO,NO,NO,NO,NO,NO,SIN COMPLEJIDAD
760010395904,PUESTO DE SALUD BRISAS DE MAYO,1,749,TOMA DE MUESTRAS DE CUELLO UTERINO Y GINECOLOGICAS,SD,SD,SD,SD,SD,SD,SD,SD,SD,SD,,DHSS0222225,SI,NO,NO,NO,NO,NO,NO,NO,NO,NO,NO,NO,NO,NO,SIN COMPLEJIDAD
760010395906,CENTRO DE SALUD SILOE,1,729,TERAPIA RESPIRATORIA,SI,NO,NO,NO,NO,NO,NO,SI,NO,NO,,DHSS0230074,SI,SI,NO,SI,NO,NO,NO,NO,NO,NO,NO,NO,NO,NO,SIN COMPLEJIDAD
760010395906,CENTRO DE SALUD SILOE,1,728,TERAPIA OCUPACIONAL,SI,NO,NO,NO,NO,NO,NO,SI,NO,NO,,DHSS0230073,SI,SI,NO,SI,NO,NO,NO,NO,NO,NO,NO,NO,NO,NO,SIN COMPLEJIDAD
760010395906,CENTRO DE SALUD SILOE,1,714,SERVICIO FARMACEUTICO,SI,SI,NO,NO,NO,NO,NO,SI,NO,NO,,DHSS0230072,SI,NO,NO,NO,NO,NO,NO,NO,NO,NO,NO,NO,NO,NO,BAJA
760010395906,CENTRO DE SALUD SILOE,1,712,TOMA DE MUESTRAS DE LABORATORIO CLINICO,SI,NO,NO,NO,NO,NO,NO,SI,NO,NO,,DHSS0230071,SI,SI,NO,SI,SI,NO,NO,NO,NO,NO,NO,NO,NO,NO,SIN COMPLEJIDAD
760010395921,CENTRO DE SALUD PRIMERO DE MAYO,1,749,TOMA DE MUESTRAS DE CUELLO UTERINO Y GINECOLOGICAS,SD,SD,SD,SD,SD,SD,SD,SD,SD,SD,,DHSS0232212,SI,NO,NO,NO,NO,NO,NO,NO,NO,NO,NO,NO,NO,NO,SIN COMPLEJIDAD
760010395921,CENTRO DE SALUD PRIMERO DE MAYO,1,748,RADIOLOGIA ODONTOLOGICA,SD,SD,SD,SD,SD,SD,SD,SD,SD,SD,,DHSS0232211,SI,NO,NO,NO,NO,NO,NO,NO,NO,NO,NO,NO,NO,NO,SIN COMPLEJIDAD
760010395905,PUESTO DE SALUD ESTRELLA,1,712,TOMA DE MUESTRAS DE LABORATORIO CLINICO,SI,NO,NO,NO,NO,NO,NO,SI,NO,NO,,DHSS0222250,SI,NO,NO,NO,NO,NO,NO,NO,NO,NO,NO,NO,NO,NO,SIN COMPLEJIDAD
760010395905,PUESTO DE SALUD ESTRELLA,1,749,TOMA DE MUESTRAS DE CUELLO UTERINO Y GINECOLOGICAS,SD,SD,SD,SD,SD,SD,SD,SD,SD,SD,,DHSS0222251,SI,NO,NO,NO,NO,NO,NO,NO,NO,NO,NO,NO,NO,NO,SIN COMPLEJIDAD
760010395921,CENTRO DE SALUD PRIMERO DE MAYO,1,742,DIAGNOSTICO VASCULAR,SD,SD,SD,SD,SD,SD,SD,SD,SD,SD,,DHSS0232210,SI,NO,NO,NO,NO,NO,NO,NO,NO,NO,NO,NO,NO,NO,BAJA
760010395921,CENTRO DE SALUD PRIMERO DE MAYO,1,740,FONOAUDIOLOGIA Y/O TERAPIA DEL LENGUAJE,SI,NO,NO,NO,NO,NO,NO,SI,NO,NO,,DHSS0232209,SI,NO,NO,NO,NO,NO,NO,NO,NO,NO,NO,NO,NO,NO,SIN COMPLEJIDAD
760010395921,CENTRO DE SALUD PRIMERO DE MAYO,1,739,FISIOTERAPIA,SI,NO,NO,NO,NO,NO,NO,SI,NO,NO,,DHSS0232208,SI,SI,NO,SI,NO,NO,NO,NO,NO,NO,NO,NO,NO,NO,SIN COMPLEJIDAD
760010395921,CENTRO DE SALUD PRIMERO DE MAYO,1,729,TERAPIA RESPIRATORIA,SI,NO,NO,NO,NO,NO,NO,SI,NO,NO,,DHSS0232207,SI,SI,NO,SI,NO,NO,NO,NO,NO,NO,NO,NO,NO,NO,SIN COMPLEJIDAD
760010395921,CENTRO DE SALUD PRIMERO DE MAYO,1,728,TERAPIA OCUPACIONAL,SI,NO,NO,NO,NO,NO,NO,SI,NO,NO,,DHSS0232206,SI,NO,NO,NO,NO,NO,NO,NO,NO,NO,NO,NO,NO,NO,SIN COMPLEJIDAD
760010395925,PUESTO DE SALUD BELEN,1,749,TOMA DE MUESTRAS DE CUELLO UTERINO Y GINECOLOGICAS,SD,SD,SD,SD,SD,SD,SD,SD,SD,SD,,DHSS0222285,SI,NO,NO,NO,NO,NO,NO,NO,NO,NO,NO,NO,NO,NO,SIN COMPLEJIDAD
760010395921,CENTRO DE SALUD PRIMERO DE MAYO,1,712,TOMA DE MUESTRAS DE LABORATORIO CLINICO,SI,NO,NO,NO,NO,NO,NO,SI,NO,NO,,DHSS0232205,SI,SI,NO,SI,SI,NO,NO,NO,NO,NO,NO,NO,NO,NO,SIN COMPLEJIDAD
760010395906,CENTRO DE SALUD SILOE,1,706,LABORATORIO CLINICO,NO,SI,NO,NO,NO,NO,NO,SI,NO,NO,,DHSS0230070,SI,NO,NO,NO,NO,NO,NO,NO,NO,NO,NO,NO,NO,NO,SIN COMPLEJIDAD
760010395922,PUESTO DE SALUD LA PAZ URBANA,1,749,TOMA DE MUESTRAS DE CUELLO UTERINO Y GINECOLOGICAS,SD,SD,SD,SD,SD,SD,SD,SD,SD,SD,,DHSS0222357,SI,NO,NO,NO,NO,NO,NO,NO,NO,NO,NO,NO,NO,NO,SIN COMPLEJIDAD
760010395913,CENTRO DE SALUD MELENDEZ,1,712,TOMA DE MUESTRAS DE LABORATORIO CLINICO,SI,NO,NO,NO,NO,NO,NO,SI,NO,NO,,DHSS0231541,SI,SI,NO,SI,SI,NO,NO,NO,NO,NO,NO,NO,NO,NO,SIN COMPLEJIDAD
760010395913,CENTRO DE SALUD MELENDEZ,1,714,SERVICIO FARMACEUTICO,SI,NO,NO,NO,NO,NO,NO,SI,NO,NO,,DHSS0231542,SI,NO,NO,NO,NO,NO,NO,NO,NO,NO,NO,NO,NO,NO,BAJA
760010395908,PUESTO DE SALUD VISTA HERMOSA,1,749,TOMA DE MUESTRAS DE CUELLO UTERINO Y GINECOLOGICAS,SD,SD,SD,SD,SD,SD,SD,SD,SD,SD,,DHSS0222448,SI,NO,NO,NO,NO,NO,NO,NO,NO,NO,NO,NO,NO,NO,SIN COMPLEJIDAD
760010395913,CENTRO DE SALUD MELENDEZ,1,728,TERAPIA OCUPACIONAL,SI,NO,NO,NO,NO,NO,NO,SI,NO,NO,,DHSS0231543,SI,NO,NO,NO,NO,NO,NO,NO,NO,NO,NO,NO,NO,NO,SIN COMPLEJIDAD
760010395913,CENTRO DE SALUD MELENDEZ,1,729,TERAPIA RESPIRATORIA,SI,NO,NO,NO,NO,NO,NO,SI,NO,NO,,DHSS0231544,SI,SI,NO,SI,NO,NO,NO,NO,NO,NO,NO,NO,NO,NO,SIN COMPLEJIDAD
760010395913,CENTRO DE SALUD MELENDEZ,1,739,FISIOTERAPIA,SI,NO,NO,NO,NO,NO,NO,SI,NO,NO,,DHSS0231545,SI,SI,NO,SI,NO,NO,NO,NO,NO,NO,NO,NO,NO,NO,SIN COMPLEJIDAD
760010395919,PUESTO DE SALUD FELIDIA,1,749,TOMA DE MUESTRAS DE CUELLO UTERINO Y GINECOLOGICAS,SD,SD,SD,SD,SD,SD,SD,SD,SD,SD,,DHSS0232006,SI,NO,NO,NO,NO,NO,NO,NO,NO,NO,NO,NO,NO,NO,SIN COMPLEJIDAD
760010395919,PUESTO DE SALUD FELIDIA,1,712,TOMA DE MUESTRAS DE LABORATORIO CLINICO,SI,NO,NO,NO,NO,NO,NO,SI,NO,NO,,DHSS0232005,SI,NO,NO,NO,NO,NO,NO,NO,NO,NO,NO,NO,NO,NO,SIN COMPLEJIDAD
760010395913,CENTRO DE SALUD MELENDEZ,1,740,FONOAUDIOLOGIA Y/O TERAPIA DEL LENGUAJE,SI,NO,NO,NO,NO,NO,NO,SI,NO,NO,,DHSS0231546,SI,NO,NO,NO,NO,NO,NO,NO,NO,NO,NO,NO,NO,NO,SIN COMPLEJIDAD
760010395920,PUESTO DE SALUD BELLA VISTA,1,712,TOMA DE MUESTRAS DE LABORATORIO CLINICO,SI,NO,NO,NO,NO,NO,NO,SI,NO,NO,,DHSS0223186,SI,NO,NO,NO,NO,NO,NO,NO,NO,NO,NO,NO,NO,NO,SIN COMPLEJIDAD
760010395920,PUESTO DE SALUD BELLA VISTA,1,749,TOMA DE MUESTRAS DE CUELLO UTERINO Y GINECOLOGICAS,SD,SD,SD,SD,SD,SD,SD,SD,SD,SD,,DHSS0223187,SI,NO,NO,NO,NO,NO,NO,NO,NO,NO,NO,NO,NO,NO,SIN COMPLEJIDAD
760010395913,CENTRO DE SALUD MELENDEZ,1,742,DIAGNOSTICO VASCULAR,SD,SD,SD,SD,SD,SD,SD,SD,SD,SD,,DHSS0231547,SI,NO,NO,NO,NO,NO,NO,NO,NO,NO,NO,NO,NO,NO,BAJA
760010395913,CENTRO DE SALUD MELENDEZ,1,748,RADIOLOGIA ODONTOLOGICA,SD,SD,SD,SD,SD,SD,SD,SD,SD,SD,,DHSS0231548,SI,NO,NO,NO,NO,NO,NO,NO,NO,NO,NO,NO,NO,NO,SIN COMPLEJIDAD
760010395913,CENTRO DE SALUD MELENDEZ,1,749,TOMA DE MUESTRAS DE CUELLO UTERINO Y GINECOLOGICAS,SD,SD,SD,SD,SD,SD,SD,SD,SD,SD,,DHSS0231549,SI,NO,NO,NO,NO,NO,NO,NO,NO,NO,NO,NO,NO,NO,SIN COMPLEJIDAD
760010395929,PUESTO DE SALUD LA LEONERA,1,749,TOMA DE MUESTRAS DE CUELLO UTERINO Y GINECOLOGICAS,SD,SD,SD,SD,SD,SD,SD,SD,SD,SD,,DHSS0224692,SI,NO,NO,NO,NO,NO,NO,NO,NO,NO,NO,NO,NO,NO,SIN COMPLEJIDAD
760010395933,PUESTO DE SALUD LA CASTILLA,1,749,TOMA DE MUESTRAS DE CUELLO UTERINO Y GINECOLOGICAS,SD,SD,SD,SD,SD,SD,SD,SD,SD,SD,,DHSS0223334,SI,NO,NO,NO,NO,NO,NO,NO,NO,NO,NO,NO,NO,NO,SIN COMPLEJIDAD
760010395918,PUESTO DE SALUD SALADITO,1,749,TOMA DE MUESTRAS DE CUELLO UTERINO Y GINECOLOGICAS,SD,SD,SD,SD,SD,SD,SD,SD,SD,SD,,DHSS0231947,SI,NO,NO,NO,NO,NO,NO,NO,NO,NO,NO,NO,NO,NO,SIN COMPLEJIDAD
760010395918,PUESTO DE SALUD SALADITO,1,712,TOMA DE MUESTRAS DE LABORATORIO CLINICO,SI,NO,NO,NO,NO,NO,NO,SI,NO,NO,,DHSS0231946,SI,SI,NO,SI,SI,NO,NO,NO,NO,NO,NO,NO,NO,NO,SIN COMPLEJIDAD
760010395934,PUESTO DE SALUD LA PAZ RURAL,1,749,TOMA DE MUESTRAS DE CUELLO UTERINO Y GINECOLOGICAS,SD,SD,SD,SD,SD,SD,SD,SD,SD,SD,,DHSS0223407,SI,NO,NO,NO,NO,NO,NO,NO,NO,NO,NO,NO,NO,NO,SIN COMPLEJIDAD
760010395914,PUESTO DE SALUD MONTEBELLO,1,712,TOMA DE MUESTRAS DE LABORATORIO CLINICO,SI,NO,NO,NO,NO,NO,NO,SI,NO,NO,,DHSS0231590,SI,SI,NO,SI,SI,NO,NO,NO,NO,NO,NO,NO,NO,NO,SIN COMPLEJIDAD
760010395935,PUESTO DE SALUD LOS ANDES,1,749,TOMA DE MUESTRAS DE CUELLO UTERINO Y GINECOLOGICAS,SD,SD,SD,SD,SD,SD,SD,SD,SD,SD,,DHSS0223523,SI,NO,NO,NO,NO,NO,NO,NO,NO,NO,NO,NO,NO,NO,SIN COMPLEJIDAD
760010395932,PUESTO DE SALUD GOLONDRINAS,1,749,TOMA DE MUESTRAS DE CUELLO UTERINO Y GINECOLOGICAS,SD,SD,SD,SD,SD,SD,SD,SD,SD,SD,,DHSS0224674,SI,NO,NO,NO,NO,NO,NO,NO,NO,NO,NO,NO,NO,NO,SIN COMPLEJIDAD
760010395932,PUESTO DE SALUD GOLONDRINAS,1,712,TOMA DE MUESTRAS DE LABORATORIO CLINICO,SI,NO,NO,NO,NO,NO,NO,SI,NO,NO,,DHSS0224673,SI,NO,NO,NO,NO,NO,NO,NO,NO,NO,NO,NO,NO,NO,SIN COMPLEJIDAD
760010395914,PUESTO DE SALUD MONTEBELLO,1,714,SERVICIO FARMACEUTICO,SI,NO,NO,NO,NO,NO,NO,SI,NO,NO,,DHSS0231591,SI,NO,NO,NO,NO,NO,NO,NO,NO,NO,NO,NO,NO,NO,BAJA
760010395914,PUESTO DE SALUD MONTEBELLO,1,729,TERAPIA RESPIRATORIA,SI,NO,NO,SI,NO,NO,NO,SI,NO,NO,,DHSS0231592,SI,SI,NO,SI,SI,NO,NO,NO,NO,NO,NO,NO,NO,NO,SIN COMPLEJIDAD
760010395914,PUESTO DE SALUD MONTEBELLO,1,739,FISIOTERAPIA,SI,NO,NO,SI,NO,NO,NO,SI,NO,NO,,DHSS0231593,SI,SI,NO,SI,SI,NO,NO,NO,NO,NO,NO,NO,NO,NO,SIN COMPLEJIDAD
760010395914,PUESTO DE SALUD MONTEBELLO,1,748,RADIOLOGIA ODONTOLOGICA,SD,SD,SD,SD,SD,SD,SD,SD,SD,SD,,DHSS0231594,SI,NO,NO,NO,NO,NO,NO,NO,NO,NO,NO,NO,NO,NO,SIN COMPLEJIDAD
760010395917,PUESTO DE SALUD LA BUITRERA,1,749,TOMA DE MUESTRAS DE CUELLO UTERINO Y GINECOLOGICAS,SD,SD,SD,SD,SD,SD,SD,SD,SD,SD,,DHSS0231927,SI,NO,NO,NO,NO,NO,NO,NO,NO,NO,NO,NO,NO,NO,SIN COMPLEJIDAD
760010395917,PUESTO DE SALUD LA BUITRERA,1,712,TOMA DE MUESTRAS DE LABORATORIO CLINICO,SI,NO,NO,NO,NO,NO,NO,SI,NO,NO,,DHSS0231926,SI,NO,NO,NO,NO,NO,NO,NO,NO,NO,NO,NO,NO,NO,SIN COMPLEJIDAD
760010395936,PUESTO DE SALUD LA ELVIRA,1,749,TOMA DE MUESTRAS DE CUELLO UTERINO Y GINECOLOGICAS,SD,SD,SD,SD,SD,SD,SD,SD,SD,SD,,DHSS0223616,SI,NO,NO,NO,NO,NO,NO,NO,NO,NO,NO,NO,NO,NO,SIN COMPLEJIDAD
760010395931,PUESTONDE SALUD PICHINDE,1,749,TOMA DE MUESTRAS DE CUELLO UTERINO Y GINECOLOGICAS,SD,SD,SD,SD,SD,SD,SD,SD,SD,SD,,DHSS0224651,SI,NO,NO,NO,NO,NO,NO,NO,NO,NO,NO,NO,NO,NO,SIN COMPLEJIDAD
760010395931,PUESTONDE SALUD PICHINDE,1,712,TOMA DE MUESTRAS DE LABORATORIO CLINICO,SI,NO,NO,NO,NO,NO,NO,SI,NO,NO,,DHSS0224650,SI,NO,NO,NO,NO,NO,NO,NO,NO,NO,NO,NO,NO,NO,SIN COMPLEJIDAD
760010395914,PUESTO DE SALUD MONTEBELLO,1,749,TOMA DE MUESTRAS DE CUELLO UTERINO Y GINECOLOGICAS,SD,SD,SD,SD,SD,SD,SD,SD,SD,SD,,DHSS0231595,SI,NO,NO,NO,NO,NO,NO,NO,NO,NO,NO,NO,NO,NO,SIN COMPLEJIDAD
760010395937,PUESTO DE SALUD ALTO AGUACATAL,1,749,TOMA DE MUESTRAS DE CUELLO UTERINO Y GINECOLOGICAS,SD,SD,SD,SD,SD,SD,SD,SD,SD,SD,,DHSS0223701,SI,NO,NO,NO,NO,NO,NO,NO,NO,NO,NO,NO,NO,NO,SIN COMPLEJIDAD
760010395915,PUESTO DE SALUD CASCAJAL,1,749,TOMA DE MUESTRAS DE CUELLO UTERINO Y GINECOLOGICAS,SD,SD,SD,SD,SD,SD,SD,SD,SD,SD,,DHSS0231890,SI,NO,NO,NO,NO,NO,NO,NO,NO,NO,NO,NO,NO,NO,SIN COMPLEJIDAD
760010395916,PUESTO DE SALUD HORMIGUERO,1,749,TOMA DE MUESTRAS DE CUELLO UTERINO Y GINECOLOGICAS,SD,SD,SD,SD,SD,SD,SD,SD,SD,SD,,DHSS0231910,SI,NO,NO,NO,NO,NO,NO,NO,NO,NO,NO,NO,NO,NO,SIN COMPLEJIDAD
760010395916,PUESTO DE SALUD HORMIGUERO,1,712,TOMA DE MUESTRAS DE LABORATORIO CLINICO,SI,NO,NO,NO,NO,NO,NO,SI,NO,NO,,DHSS0231909,SI,NO,NO,NO,NO,NO,NO,NO,NO,NO,NO,NO,NO,NO,SIN COMPLEJIDAD
760010395909,PUESTO DE SALUD LOURDES,1,712,TOMA DE MUESTRAS DE LABORATORIO CLINICO,SI,NO,NO,NO,NO,NO,NO,SI,NO,NO,,DHSS0224609,SI,SI,NO,SI,SI,NO,NO,NO,NO,NO,NO,NO,NO,NO,SIN COMPLEJIDAD
760010395909,PUESTO DE SALUD LOURDES,1,748,RADIOLOGIA ODONTOLOGICA,SD,SD,SD,SD,SD,SD,SD,SD,SD,SD,,DHSS0224610,SI,NO,NO,NO,NO,NO,NO,NO,NO,NO,NO,NO,NO,NO,SIN COMPLEJIDAD
760010395909,PUESTO DE SALUD LOURDES,1,749,TOMA DE MUESTRAS DE CUELLO UTERINO Y GINECOLOGICAS,SD,SD,SD,SD,SD,SD,SD,SD,SD,SD,,DHSS0224611,SI,NO,NO,NO,NO,NO,NO,NO,NO,NO,NO,NO,NO,NO,SIN COMPLEJIDAD
760010395940,PUESTO DE SALUD ALTO POLVORINES,1,749,TOMA DE MUESTRAS DE CUELLO UTERINO Y GINECOLOGICAS,SD,SD,SD,SD,SD,SD,SD,SD,SD,SD,,DHSS0224634,SI,NO,NO,NO,NO,NO,NO,NO,NO,NO,NO,NO,NO,NO,SIN COMPLEJIDAD
760010395921,CENTRO DE SALUD PRIMERO DE MAYO,1,745,IMAGENES DIAGNOSTICAS - NO IONIZANTES,SD,SD,SD,SD,SD,SD,SD,SD,SD,SD,,DHSS0493418,SI,NO,NO,NO,NO,NO,NO,NO,NO,NO,NO,NO,NO,NO,MEDIANA
760010395911,PUESTO DE SALUD POLVORINES,1,749,TOMA DE MUESTRAS DE CUELLO UTERINO Y GINECOLOGICAS,SD,SD,SD,SD,SD,SD,SD,SD,SD,SD,,DHSS0231312,SI,NO,NO,NO,NO,NO,NO,NO,NO,NO,NO,NO,NO,NO,SIN COMPLEJIDAD
760010395921,CENTRO DE SALUD PRIMERO DE MAYO,1,744,IMAGENES DIAGNOSTICAS - IONIZANTES,SD,SD,SD,SD,SD,SD,SD,SD,SD,SD,,DHSS0462603,SI,NO,NO,NO,NO,NO,NO,NO,NO,NO,NO,NO,NO,NO,MEDIANA
760010395911,PUESTO DE SALUD POLVORINES,1,712,TOMA DE MUESTRAS DE LABORATORIO CLINICO,SI,NO,NO,NO,NO,NO,NO,SI,NO,NO,,DHSS0231311,SI,NO,NO,NO,NO,NO,NO,NO,NO,NO,NO,NO,NO,NO,SIN COMPLEJIDAD
760010395910,PUESTO DE SALUD NAPOLES,1,712,TOMA DE MUESTRAS DE LABORATORIO CLINICO,SD,SD,SD,SD,SD,SD,SD,SD,SD,SD,,DHSS0306315,SI,NO,NO,NO,NO,NO,NO,NO,NO,NO,NO,NO,NO,NO,SIN COMPLEJIDAD
760010395901,E.S.E. RED DE SALUD DE LADERA EMPRESA SOCIAL DEL ESTADO HOSPITAL CANAVERALEJO,1,740,FONOAUDIOLOGIA Y/O TERAPIA DEL LENGUAJE,SD,SD,SD,SD,SD,SD,SD,SD,SD,SD,,DHSS0306314,SI,NO,NO,NO,NO,NO,NO,NO,NO,NO,NO,NO,NO,NO,SIN COMPLEJIDAD
760010395910,PUESTO DE SALUD NAPOLES,1,749,TOMA DE MUESTRAS DE CUELLO UTERINO Y GINECOLOGICAS,SD,SD,SD,SD,SD,SD,SD,SD,SD,SD,,DHSS0231282,SI,NO,NO,NO,NO,NO,NO,NO,NO,NO,NO,NO,NO,NO,SIN COMPLEJIDAD
760010395930,PUESTO DE SALUD PENAS BLANCAS,1,749,TOMA DE MUESTRAS DE CUELLO UTERINO Y GINECOLOGICAS,SD,SD,SD,SD,SD,SD,SD,SD,SD,SD,,DHSS0218417,SI,NO,NO,NO,NO,NO,NO,NO,NO,NO,NO,NO,NO,NO,SIN COMPLEJIDAD
760010395903,PUESTO DE SALUD SIRENA,1,712,TOMA DE MUESTRAS DE LABORATORIO CLINICO,SD,SD,SD,SD,SD,SD,SD,SD,SD,SD,,DHSS0306308,SI,NO,NO,NO,NO,NO,NO,NO,NO,NO,NO,NO,NO,NO,SIN COMPLEJIDAD
760010395906,CENTRO DE SALUD SILOE,1,745,IMAGENES DIAGNOSTICAS - NO IONIZANTES,SD,SD,SD,SD,SD,SD,SD,SD,SD,SD,,DHSS0306307,SI,NO,NO,NO,NO,NO,NO,NO,NO,NO,NO,NO,NO,NO,MEDIANA
760010395912,PUESTO DE SALUD ALTO NAPOLES,1,749,TOMA DE MUESTRAS DE CUELLO UTERINO Y GINECOLOGICAS,SD,SD,SD,SD,SD,SD,SD,SD,SD,SD,,DHSS0231400,SI,NO,NO,NO,NO,NO,NO,NO,NO,NO,NO,NO,NO,NO,SIN COMPLEJIDAD
760010395907,CENTRO DE SALUD TERRON COLORADO,1,749,TOMA DE MUESTRAS DE CUELLO UTERINO Y GINECOLOGICAS,SD,SD,SD,SD,SD,SD,SD,SD,SD,SD,,DHSS0231185,SI,NO,NO,NO,NO,NO,NO,NO,NO,NO,NO,NO,NO,NO,SIN COMPLEJIDAD
760010395925,PUESTO DE SALUD BELEN,1,712,TOMA DE MUESTRAS DE LABORATORIO CLINICO,SD,SD,SD,SD,SD,SD,SD,SD,SD,SD,,DHSS0306297,SI,NO,NO,NO,NO,NO,NO,NO,NO,NO,NO,NO,NO,NO,SIN COMPLEJIDAD
760010395928,PUESTO DE SALUD LA VORAGINE,1,749,TOMA DE MUESTRAS DE CUELLO UTERINO Y GINECOLOGICAS,SD,SD,SD,SD,SD,SD,SD,SD,SD,SD,,DHSS0232925,SI,NO,NO,NO,NO,NO,NO,NO,NO,NO,NO,NO,NO,NO,SIN COMPLEJIDAD
760010395928,PUESTO DE SALUD LA VORAGINE,1,712,TOMA DE MUESTRAS DE LABORATORIO CLINICO,SI,NO,NO,NO,NO,NO,NO,SI,NO,NO,,DHSS0232924,SI,NO,NO,NO,NO,NO,NO,NO,NO,NO,NO,NO,NO,NO,SIN COMPLEJIDAD
760010395907,CENTRO DE SALUD TERRON COLORADO,1,748,RADIOLOGIA ODONTOLOGICA,SD,SD,SD,SD,SD,SD,SD,SD,SD,SD,,DHSS0231184,SI,NO,NO,NO,NO,NO,NO,NO,NO,NO,NO,NO,NO,NO,SIN COMPLEJIDAD
760010395907,CENTRO DE SALUD TERRON COLORADO,1,744,IMAGENES DIAGNOSTICAS - IONIZANTES,SD,SD,SD,SD,SD,SD,SD,SD,SD,SD,,DHSS0231183,SI,NO,NO,NO,NO,NO,NO,NO,NO,NO,NO,NO,NO,NO,BAJA
760010395907,CENTRO DE SALUD TERRON COLORADO,1,742,DIAGNOSTICO VASCULAR,SD,SD,SD,SD,SD,SD,SD,SD,SD,SD,,DHSS0231182,SI,NO,NO,NO,NO,NO,NO,NO,NO,NO,NO,NO,NO,NO,BAJA
760010395907,CENTRO DE SALUD TERRON COLORADO,1,740,FONOAUDIOLOGIA Y/O TERAPIA DEL LENGUAJE,SI,NO,NO,NO,NO,NO,NO,SI,NO,NO,,DHSS0231181,SI,NO,NO,NO,NO,NO,NO,NO,NO,NO,NO,NO,NO,NO,SIN COMPLEJIDAD
760010395927,PUESTO DE SALUD VILLACARMELO,1,749,TOMA DE MUESTRAS DE CUELLO UTERINO Y GINECOLOGICAS,SD,SD,SD,SD,SD,SD,SD,SD,SD,SD,,DHSS0232907,SI,NO,NO,NO,NO,NO,NO,NO,NO,NO,NO,NO,NO,NO,SIN COMPLEJIDAD
760010395927,PUESTO DE SALUD VILLACARMELO,1,712,TOMA DE MUESTRAS DE LABORATORIO CLINICO,SI,NO,NO,NO,NO,NO,NO,SI,NO,NO,,DHSS0232906,SI,NO,NO,NO,NO,NO,NO,NO,NO,NO,NO,NO,NO,NO,SIN COMPLEJIDAD
760010395907,CENTRO DE SALUD TERRON COLORADO,1,739,FISIOTERAPIA,SI,NO,NO,NO,NO,NO,NO,SI,NO,NO,,DHSS0231180,SI,SI,NO,SI,NO,NO,NO,NO,NO,NO,NO,NO,NO,NO,SIN COMPLEJIDAD
760010395907,CENTRO DE SALUD TERRON COLORADO,1,729,TERAPIA RESPIRATORIA,SI,NO,NO,NO,NO,NO,NO,SI,NO,NO,,DHSS0231179,SI,SI,NO,SI,NO,NO,NO,NO,NO,NO,NO,NO,NO,NO,SIN COMPLEJIDAD
760010395907,CENTRO DE SALUD TERRON COLORADO,1,728,TERAPIA OCUPACIONAL,SI,NO,NO,NO,NO,NO,NO,SI,NO,NO,,DHSS0231178,SI,NO,NO,NO,NO,NO,NO,NO,NO,NO,NO,NO,NO,NO,SIN COMPLEJIDAD
760010395907,CENTRO DE SALUD TERRON COLORADO,1,714,SERVICIO FARMACEUTICO,SI,SI,NO,NO,NO,NO,NO,SI,NO,NO,,DHSS0231177,SI,NO,NO,NO,NO,NO,NO,NO,NO,NO,NO,NO,NO,NO,BAJA
760010395907,CENTRO DE SALUD TERRON COLORADO,1,712,TOMA DE MUESTRAS DE LABORATORIO CLINICO,SI,NO,NO,NO,NO,NO,NO,SI,NO,NO,,DHSS0231176,SI,SI,NO,SI,SI,NO,NO,NO,NO,NO,NO,NO,NO,NO,SIN COMPLEJIDAD
760010395901,E.S.E. RED DE SALUD DE LADERA EMPRESA SOCIAL DEL ESTADO HOSPITAL CANAVERALEJO,1,712,TOMA DE MUESTRAS DE LABORATORIO CLINICO,SI,NO,NO,NO,NO,NO,NO,SI,NO,NO,,DHSS0218473,SI,SI,NO,SI,SI,NO,NO,NO,NO,NO,NO,NO,NO,NO,SIN COMPLEJIDAD
760010395901,E.S.E. RED DE SALUD DE LADERA EMPRESA SOCIAL DEL ESTADO HOSPITAL CANAVERALEJO,1,714,SERVICIO FARMACEUTICO,SI,SI,NO,NO,NO,NO,NO,SI,NO,NO,,DHSS0218474,SI,NO,NO,NO,NO,NO,NO,NO,NO,NO,NO,NO,NO,NO,BAJA
760010395901,E.S.E. RED DE SALUD DE LADERA EMPRESA SOCIAL DEL ESTADO HOSPITAL CANAVERALEJO,1,728,TERAPIA OCUPACIONAL,SI,NO,NO,SI,NO,NO,NO,SI,NO,NO,,DHSS0218475,SI,NO,NO,SI,NO,NO,NO,NO,NO,NO,NO,NO,NO,NO,SIN COMPLEJIDAD
760010395901,E.S.E. RED DE SALUD DE LADERA EMPRESA SOCIAL DEL ESTADO HOSPITAL CANAVERALEJO,1,729,TERAPIA RESPIRATORIA,SI,NO,NO,SI,NO,NO,NO,SI,NO,NO,,DHSS0218476,SI,NO,NO,SI,NO,NO,NO,NO,NO,NO,NO,NO,NO,NO,SIN COMPLEJIDAD
760010395901,E.S.E. RED DE SALUD DE LADERA EMPRESA SOCIAL DEL ESTADO HOSPITAL CANAVERALEJO,1,739,FISIOTERAPIA,SI,NO,NO,SI,NO,SI,NO,SI,NO,NO,,DHSS0218477,SI,NO,NO,SI,NO,SI,SI,SI,NO,SI,NO,NO,NO,NO,SIN COMPLEJIDAD
760010395901,E.S.E. RED DE SALUD DE LADERA EMPRESA SOCIAL DEL ESTADO HOSPITAL CANAVERALEJO,1,744,IMAGENES DIAGNOSTICAS - IONIZANTES,SD,SD,SD,SD,SD,SD,SD,SD,SD,SD,,DHSS0218478,SI,NO,NO,NO,NO,SI,SI,SI,NO,SI,NO,NO,NO,NO,BAJA
760010395906,CENTRO DE SALUD SILOE,1,744,IMAGENES DIAGNOSTICAS - IONIZANTES,SD,SD,SD,SD,SD,SD,SD,SD,SD,SD,,DHSS0230077,SI,NO,NO,NO,NO,NO,NO,NO,NO,NO,NO,NO,NO,NO,BAJA
760010395901,E.S.E. RED DE SALUD DE LADERA EMPRESA SOCIAL DEL ESTADO HOSPITAL CANAVERALEJO,1,745,IMAGENES DIAGNOSTICAS - NO IONIZANTES,SD,SD,SD,SD,SD,SD,SD,SD,SD,SD,,DHSS0218479,SI,NO,NO,NO,NO,NO,NO,NO,NO,NO,NO,NO,NO,NO,MEDIANA
760010395906,CENTRO DE SALUD SILOE,1,748,RADIOLOGIA ODONTOLOGICA,SD,SD,SD,SD,SD,SD,SD,SD,SD,SD,,DHSS0230078,SI,NO,NO,NO,NO,NO,NO,NO,NO,NO,NO,NO,NO,NO,SIN COMPLEJIDAD
760010395906,CENTRO DE SALUD SILOE,1,749,TOMA DE MUESTRAS DE CUELLO UTERINO Y GINECOLOGICAS,SD,SD,SD,SD,SD,SD,SD,SD,SD,SD,,DHSS0230079,SI,NO,NO,NO,NO,NO,NO,NO,NO,NO,NO,NO,NO,NO,SIN COMPLEJIDAD
760010395901,E.S.E. RED DE SALUD DE LADERA EMPRESA SOCIAL DEL ESTADO HOSPITAL CANAVERALEJO,1,748,RADIOLOGIA ODONTOLOGICA,SD,SD,SD,SD,SD,SD,SD,SD,SD,SD,,DHSS0218480,SI,NO,NO,NO,NO,NO,NO,NO,NO,NO,NO,NO,NO,NO,SIN COMPLEJIDAD
760010395901,E.S.E. RED DE SALUD DE LADERA EMPRESA SOCIAL DEL ESTADO HOSPITAL CANAVERALEJO,1,749,TOMA DE MUESTRAS DE CUELLO UTERINO Y GINECOLOGICAS,SD,SD,SD,SD,SD,SD,SD,SD,SD,SD,,DHSS0218481,SI,NO,NO,NO,NO,NO,NO,NO,NO,NO,NO,NO,NO,NO,SIN COMPLEJIDAD
760010395903,PUESTO DE SALUD SIRENA,1,749,TOMA DE MUESTRAS DE CUELLO UTERINO Y GINECOLOGICAS,SD,SD,SD,SD,SD,SD,SD,SD,SD,SD,,DHSS0221700,SI,NO,NO,NO,NO,NO,NO,NO,NO,NO,NO,NO,NO,NO,SIN COMPLEJIDAD
760010395926,PUESTO DE SALUD PANCE,1,749,TOMA DE MUESTRAS DE CUELLO UTERINO Y GINECOLOGICAS,SD,SD,SD,SD,SD,SD,SD,SD,SD,SD,,DHSS0232882,SI,NO,NO,NO,NO,NO,NO,NO,NO,NO,NO,NO,NO,NO,SIN COMPLEJIDAD
760010395926,PUESTO DE SALUD PANCE,1,712,TOMA DE MUESTRAS DE LABORATORIO CLINICO,SI,NO,NO,NO,NO,NO,NO,SI,NO,NO,,DHSS0232881,SI,NO,NO,NO,NO,NO,NO,NO,NO,NO,NO,NO,NO,NO,SIN COMPLEJIDAD
760010395902,PUESTO DE SALUD SULTANA,1,712,TOMA DE MUESTRAS DE LABORATORIO CLINICO,SI,NO,NO,NO,NO,NO,NO,SI,NO,NO,,DHSS0221393,SI,NO,NO,NO,NO,NO,NO,NO,NO,NO,NO,NO,NO,NO,SIN COMPLEJIDAD
760010395902,PUESTO DE SALUD SULTANA,1,749,TOMA DE MUESTRAS DE CUELLO UTERINO Y GINECOLOGICAS,SD,SD,SD,SD,SD,SD,SD,SD,SD,SD,,DHSS0221394,SI,NO,NO,NO,NO,NO,NO,NO,NO,NO,NO,NO,NO,NO,SIN COMPLEJIDAD
760010395906,CENTRO DE SALUD SILOE,1,1101,ATENCION DEL PARTO,SD,SD,SD,SD,SD,SD,SD,SD,SD,SD,,DHSS0230080,SI,NO,NO,NO,NO,NO,NO,NO,NO,NO,NO,NO,NO,NO,MEDIANA
760010395906,CENTRO DE SALUD SILOE,1,1102,URGENCIAS,SD,SD,SD,SD,SD,SD,SD,SD,SD,SD,,DHSS0230081,SI,NO,NO,NO,NO,NO,NO,NO,NO,NO,NO,NO,NO,NO,BAJA
760010395907,CENTRO DE SALUD TERRON COLORADO,1,1102,URGENCIAS,SD,SD,SD,SD,SD,SD,SD,SD,SD,SD,,DHSS0231186,SI,NO,NO,NO,NO,NO,NO,NO,NO,NO,NO,NO,NO,NO,BAJA
760010395916,PUESTO DE SALUD HORMIGUERO,1,329,MEDICINA INTERNA,NO,NO,NO,NO,NO,NO,SI,NO,SI,NO,,DHSS0231903,NO,NO,NO,NO,NO,SI,NO,NO,NO,NO,NO,SI,SI,NO,MEDIANA
760010395916,PUESTO DE SALUD HORMIGUERO,1,328,MEDICINA GENERAL,SI,NO,NO,NO,NO,NO,SI,SI,NO,NO,,DHSS0231902,SI,SI,NO,SI,SI,SI,NO,NO,NO,NO,NO,SI,SI,NO,BAJA
760010395912,PUESTO DE SALUD ALTO NAPOLES,1,325,MEDICINA FAMILIAR,SD,SD,SD,SD,SD,SD,SD,SD,SD,SD,,DHSS0231394,SI,NO,NO,NO,NO,NO,NO,NO,NO,NO,NO,NO,NO,NO,MEDIANA
760010395916,PUESTO DE SALUD HORMIGUERO,1,325,MEDICINA FAMILIAR,NO,NO,NO,NO,NO,NO,SI,NO,SI,NO,,DHSS0231901,NO,NO,NO,NO,NO,SI,NO,NO,NO,NO,NO,SI,SI,NO,MEDIANA
760010395916,PUESTO DE SALUD HORMIGUERO,1,320,GINECOBSTETRICIA,NO,NO,NO,NO,NO,NO,SI,NO,SI,NO,,DHSS0231900,NO,NO,NO,NO,NO,SI,NO,NO,NO,NO,NO,SI,SI,NO,MEDIANA
760010395916,PUESTO DE SALUD HORMIGUERO,1,312,ENFERMERIA,SI,NO,NO,NO,NO,NO,NO,SI,NO,NO,,DHSS0231899,SI,SI,NO,SI,SI,NO,NO,NO,NO,NO,NO,NO,NO,NO,BAJA
760010395916,PUESTO DE SALUD HORMIGUERO,1,308,DERMATOLOGIA,NO,NO,NO,NO,NO,NO,SI,NO,SI,NO,,DHSS0231898,NO,NO,NO,NO,NO,SI,NO,NO,NO,NO,NO,SI,SI,NO,MEDIANA
760010395915,PUESTO DE SALUD CASCAJAL,1,420,VACUNACION,SD,SD,SD,SD,SD,SD,SD,SD,SD,SD,,DHSS0231889,SI,SI,NO,SI,SI,NO,NO,NO,NO,NO,NO,NO,NO,NO,BAJA
760010395915,PUESTO DE SALUD CASCAJAL,1,334,ODONTOLOGIA GENERAL,SI,NO,NO,NO,NO,NO,NO,SI,NO,NO,,DHSS0231886,SI,NO,NO,NO,NO,NO,NO,NO,NO,NO,NO,NO,NO,NO,BAJA
760010395912,PUESTO DE SALUD ALTO NAPOLES,1,328,MEDICINA GENERAL,SI,NO,NO,NO,NO,NO,NO,SI,NO,NO,,DHSS0231395,SI,SI,NO,SI,SI,NO,NO,NO,NO,NO,NO,NO,NO,NO,BAJA
760010395915,PUESTO DE SALUD CASCAJAL,1,328,MEDICINA GENERAL,SI,NO,NO,NO,NO,NO,SI,SI,NO,NO,,DHSS0231883,SI,SI,NO,SI,SI,SI,NO,NO,NO,NO,NO,SI,SI,NO,BAJA
760010395915,PUESTO DE SALUD CASCAJAL,1,312,ENFERMERIA,SI,NO,NO,NO,NO,NO,NO,SI,NO,NO,,DHSS0231880,SI,SI,NO,SI,SI,NO,NO,NO,NO,NO,NO,NO,NO,NO,BAJA
760010395912,PUESTO DE SALUD ALTO NAPOLES,1,334,ODONTOLOGIA GENERAL,SI,NO,NO,NO,NO,NO,NO,SI,NO,NO,,DHSS0231396,SI,NO,NO,NO,NO,NO,NO,NO,NO,NO,NO,NO,NO,NO,BAJA
760010395912,PUESTO DE SALUD ALTO NAPOLES,1,337,OPTOMETRIA,SD,SD,SD,SD,SD,SD,SD,SD,SD,SD,,DHSS0231397,SI,SI,NO,SI,SI,NO,NO,NO,NO,NO,NO,NO,NO,NO,BAJA
760010395912,PUESTO DE SALUD ALTO NAPOLES,1,342,PEDIATRIA,SD,SD,SD,SD,SD,SD,SD,SD,SD,SD,,DHSS0231398,SI,NO,NO,NO,NO,NO,NO,NO,NO,NO,NO,NO,NO,NO,MEDIANA
760010395913,CENTRO DE SALUD MELENDEZ,1,343,PERIODONCIA,SI,NO,NO,NO,NO,NO,NO,NO,SI,NO,,DHSS0231534,SI,NO,NO,NO,NO,NO,NO,NO,NO,NO,NO,NO,NO,NO,MEDIANA
760010395913,CENTRO DE SALUD MELENDEZ,1,342,PEDIATRIA,SI,NO,NO,NO,NO,NO,NO,NO,SI,NO,,DHSS0231533,SI,NO,NO,NO,NO,NO,NO,NO,NO,NO,NO,NO,NO,NO,MEDIANA
760010395913,CENTRO DE SALUD MELENDEZ,1,338,ORTODONCIA,SI,NO,NO,NO,NO,NO,NO,NO,SI,NO,,DHSS0231532,SI,NO,NO,NO,NO,NO,NO,NO,NO,NO,NO,NO,NO,NO,MEDIANA
760010395913,CENTRO DE SALUD MELENDEZ,1,337,OPTOMETRIA,SD,SD,SD,SD,SD,SD,SD,SD,SD,SD,,DHSS0231531,SI,NO,NO,NO,NO,NO,NO,NO,NO,NO,NO,NO,NO,NO,BAJA
760010395912,PUESTO DE SALUD ALTO NAPOLES,1,420,VACUNACION,SD,SD,SD,SD,SD,SD,SD,SD,SD,SD,,DHSS0231399,SI,SI,NO,SI,SI,NO,NO,NO,NO,NO,NO,NO,NO,NO,BAJA
760010395913,CENTRO DE SALUD MELENDEZ,1,308,DERMATOLOGIA,SI,NO,NO,NO,NO,NO,NO,NO,SI,NO,,DHSS0231523,SI,NO,NO,NO,NO,NO,NO,NO,NO,NO,NO,NO,NO,NO,MEDIANA
760010395913,CENTRO DE SALUD MELENDEZ,1,311,ENDODONCIA,SI,NO,NO,NO,NO,NO,NO,NO,SI,NO,,DHSS0231524,SI,NO,NO,NO,NO,NO,NO,NO,NO,NO,NO,NO,NO,NO,MEDIANA
760010395914,PUESTO DE SALUD MONTEBELLO,1,420,VACUNACION,SD,SD,SD,SD,SD,SD,SD,SD,SD,SD,,DHSS0231589,SI,SI,NO,SI,SI,NO,NO,NO,NO,NO,NO,NO,NO,NO,BAJA
760010395914,PUESTO DE SALUD MONTEBELLO,1,344,PSICOLOGIA,SI,NO,NO,NO,NO,NO,NO,SI,NO,NO,,DHSS0231588,SI,SI,NO,SI,SI,NO,NO,NO,NO,NO,NO,NO,NO,NO,BAJA
760010395914,PUESTO DE SALUD MONTEBELLO,1,342,PEDIATRIA,NO,NO,NO,NO,NO,NO,SI,NO,SI,NO,,DHSS0231587,NO,NO,NO,NO,NO,SI,NO,NO,NO,NO,NO,SI,SI,NO,MEDIANA
760010395914,PUESTO DE SALUD MONTEBELLO,1,337,OPTOMETRIA,SD,SD,SD,SD,SD,SD,SD,SD,SD,SD,,DHSS0231586,SI,NO,NO,NO,NO,NO,NO,NO,NO,NO,NO,NO,NO,NO,BAJA
760010395914,PUESTO DE SALUD MONTEBELLO,1,334,ODONTOLOGIA GENERAL,SI,NO,NO,NO,NO,NO,NO,SI,NO,NO,,DHSS0231585,SI,NO,NO,NO,NO,NO,NO,NO,NO,NO,NO,NO,NO,NO,BAJA
760010395913,CENTRO DE SALUD MELENDEZ,1,334,ODONTOLOGIA GENERAL,SI,NO,NO,NO,NO,NO,NO,SI,NO,NO,,DHSS0231530,SI,NO,NO,NO,NO,NO,NO,NO,NO,NO,NO,NO,NO,NO,BAJA
760010395913,CENTRO DE SALUD MELENDEZ,1,333,NUTRICION Y DIETETICA,SI,NO,NO,NO,NO,NO,NO,SI,NO,NO,,DHSS0231529,SI,NO,NO,NO,NO,NO,NO,NO,NO,NO,NO,NO,NO,NO,BAJA
760010395914,PUESTO DE SALUD MONTEBELLO,1,333,NUTRICION Y DIETETICA,NO,NO,NO,NO,NO,NO,SI,SI,NO,NO,,DHSS0231584,NO,NO,NO,NO,NO,SI,NO,NO,NO,NO,NO,SI,SI,NO,BAJA
760010395914,PUESTO DE SALUD MONTEBELLO,1,329,MEDICINA INTERNA,NO,NO,NO,NO,NO,NO,SI,NO,SI,NO,,DHSS0231583,NO,NO,NO,NO,NO,SI,NO,NO,NO,NO,NO,SI,SI,NO,MEDIANA
760010395913,CENTRO DE SALUD MELENDEZ,1,329,MEDICINA INTERNA,SI,NO,NO,NO,NO,NO,NO,NO,SI,NO,,DHSS0231528,SI,NO,NO,NO,NO,NO,NO,NO,NO,NO,NO,NO,NO,NO,MEDIANA
760010395914,PUESTO DE SALUD MONTEBELLO,1,328,MEDICINA GENERAL,SI,NO,NO,NO,NO,NO,SI,SI,NO,NO,,DHSS0231582,SI,SI,NO,SI,SI,SI,NO,NO,NO,NO,NO,SI,SI,NO,BAJA
760010395914,PUESTO DE SALUD MONTEBELLO,1,325,MEDICINA FAMILIAR,NO,NO,NO,NO,NO,NO,SI,NO,SI,NO,,DHSS0231581,NO,NO,NO,NO,NO,SI,NO,NO,NO,NO,NO,SI,SI,NO,MEDIANA
760010395914,PUESTO DE SALUD MONTEBELLO,1,320,GINECOBSTETRICIA,NO,NO,NO,NO,NO,NO,SI,NO,SI,NO,,DHSS0231580,NO,NO,NO,NO,NO,SI,NO,NO,NO,NO,NO,SI,SI,NO,MEDIANA
760010395914,PUESTO DE SALUD MONTEBELLO,1,312,ENFERMERIA,SI,NO,NO,NO,NO,NO,NO,SI,NO,NO,,DHSS0231579,SI,SI,NO,SI,SI,NO,NO,NO,NO,NO,NO,NO,NO,NO,BAJA
760010395913,CENTRO DE SALUD MELENDEZ,1,328,MEDICINA GENERAL,SI,NO,NO,SI,NO,NO,NO,SI,NO,NO,,DHSS0231527,SI,SI,NO,SI,SI,NO,NO,NO,NO,NO,NO,NO,NO,NO,BAJA
760010395914,PUESTO DE SALUD MONTEBELLO,1,308,DERMATOLOGIA,NO,NO,NO,NO,NO,NO,SI,NO,SI,NO,,DHSS0231578,NO,NO,NO,NO,NO,SI,NO,NO,NO,NO,NO,SI,SI,NO,MEDIANA
760010395913,CENTRO DE SALUD MELENDEZ,1,320,GINECOBSTETRICIA,SI,NO,NO,NO,NO,NO,NO,NO,SI,NO,,DHSS0231526,SI,NO,NO,NO,NO,NO,NO,NO,NO,NO,NO,NO,NO,NO,MEDIANA
760010395913,CENTRO DE SALUD MELENDEZ,1,312,ENFERMERIA,SI,NO,NO,NO,NO,NO,NO,SI,NO,NO,,DHSS0231525,SI,SI,NO,SI,SI,NO,NO,NO,NO,NO,NO,NO,NO,NO,BAJA
760010395913,CENTRO DE SALUD MELENDEZ,1,344,PSICOLOGIA,SI,NO,NO,NO,NO,NO,NO,SI,NO,NO,,DHSS0231535,SI,NO,NO,NO,NO,NO,NO,NO,NO,NO,NO,NO,NO,NO,BAJA
760010395913,CENTRO DE SALUD MELENDEZ,1,345,PSIQUIATRIA,SI,NO,NO,NO,NO,NO,NO,NO,SI,NO,,DHSS0231536,SI,NO,NO,NO,NO,SI,SI,SI,NO,SI,NO,NO,NO,NO,MEDIANA
760010395913,CENTRO DE SALUD MELENDEZ,1,412,MEDICINA ALTERNATIVA Y COMPLEMENTARIA - HOMEOPATICA,SD,SD,SD,SD,SD,SD,SD,SD,SD,SD,,DHSS0231537,SI,NO,NO,NO,NO,NO,NO,NO,NO,NO,NO,NO,NO,NO,MEDIANA
760010395913,CENTRO DE SALUD MELENDEZ,1,414,MEDICINA ALTERNATIVA Y COMPLEMENTARIA - TRADICIONAL CHINA,SD,SD,SD,SD,SD,SD,SD,SD,SD,SD,,DHSS0231538,SI,NO,NO,NO,NO,NO,NO,NO,NO,NO,NO,NO,NO,NO,MEDIANA
760010395913,CENTRO DE SALUD MELENDEZ,1,416,MEDICINA ALTERNATIVA Y COMPLEMENTARIA - NEURALTERAPEUTICA,SD,SD,SD,SD,SD,SD,SD,SD,SD,SD,,DHSS0231539,SI,NO,NO,NO,NO,NO,NO,NO,NO,NO,NO,NO,NO,NO,MEDIANA
760010395913,CENTRO DE SALUD MELENDEZ,1,420,VACUNACION,SD,SD,SD,SD,SD,SD,SD,SD,SD,SD,,DHSS0231540,SI,SI,NO,SI,SI,NO,NO,NO,NO,NO,NO,NO,NO,NO,BAJA
760010395921,CENTRO DE SALUD PRIMERO DE MAYO,1,338,ORTODONCIA,SI,NO,NO,NO,NO,NO,NO,NO,SI,NO,,DHSS0232201,SI,NO,NO,NO,NO,NO,NO,NO,NO,NO,NO,NO,NO,NO,MEDIANA
760010395921,CENTRO DE SALUD PRIMERO DE MAYO,1,344,PSICOLOGIA,SI,NO,NO,NO,NO,NO,NO,SI,NO,NO,,DHSS0232202,SI,NO,NO,NO,NO,NO,NO,NO,NO,NO,NO,NO,NO,NO,BAJA
760010395921,CENTRO DE SALUD PRIMERO DE MAYO,1,414,MEDICINA ALTERNATIVA Y COMPLEMENTARIA - TRADICIONAL CHINA,SD,SD,SD,SD,SD,SD,SD,SD,SD,SD,,DHSS0232203,SI,NO,NO,NO,NO,NO,NO,NO,NO,NO,NO,NO,NO,NO,MEDIANA
760010395921,CENTRO DE SALUD PRIMERO DE MAYO,1,420,VACUNACION,SD,SD,SD,SD,SD,SD,SD,SD,SD,SD,,DHSS0232204,SI,SI,NO,SI,SI,NO,NO,NO,NO,NO,NO,NO,NO,NO,BAJA
760010395923,PUESTO DE SALUD FRAY DAMIAN,1,312,ENFERMERIA,SI,NO,NO,NO,NO,NO,NO,SI,NO,NO,,DHSS0232854,SI,SI,NO,SI,SI,NO,NO,NO,NO,NO,NO,NO,NO,NO,BAJA
760010395923,PUESTO DE SALUD FRAY DAMIAN,1,328,MEDICINA GENERAL,SI,NO,NO,NO,NO,NO,NO,SI,NO,NO,,DHSS0232855,SI,SI,NO,SI,SI,NO,NO,NO,NO,NO,NO,NO,NO,NO,BAJA
760010395923,PUESTO DE SALUD FRAY DAMIAN,1,334,ODONTOLOGIA GENERAL,SI,NO,NO,NO,NO,NO,NO,SI,NO,NO,,DHSS0232856,SI,NO,NO,NO,NO,NO,NO,NO,NO,NO,NO,NO,NO,NO,BAJA
760010395923,PUESTO DE SALUD FRAY DAMIAN,1,420,VACUNACION,SD,SD,SD,SD,SD,SD,SD,SD,SD,SD,,DHSS0232859,SI,SI,NO,SI,SI,NO,NO,NO,NO,NO,NO,NO,NO,NO,BAJA
760010395926,PUESTO DE SALUD PANCE,1,308,DERMATOLOGIA,NO,NO,NO,NO,NO,NO,SI,NO,SI,NO,,DHSS0232870,NO,NO,NO,NO,NO,SI,NO,NO,NO,NO,NO,SI,SI,NO,MEDIANA
760010395926,PUESTO DE SALUD PANCE,1,312,ENFERMERIA,SI,NO,NO,NO,NO,NO,NO,SI,NO,NO,,DHSS0232871,SI,SI,NO,SI,SI,NO,NO,NO,NO,NO,NO,NO,NO,NO,BAJA
760010395926,PUESTO DE SALUD PANCE,1,320,GINECOBSTETRICIA,NO,NO,NO,NO,NO,NO,SI,NO,SI,NO,,DHSS0232872,NO,NO,NO,NO,NO,SI,NO,NO,NO,NO,NO,SI,SI,NO,MEDIANA
760010395926,PUESTO DE SALUD PANCE,1,325,MEDICINA FAMILIAR,NO,NO,NO,NO,NO,NO,SI,NO,SI,NO,,DHSS0232873,NO,NO,NO,NO,NO,SI,NO,NO,NO,NO,NO,SI,SI,NO,MEDIANA
760010395926,PUESTO DE SALUD PANCE,1,328,MEDICINA GENERAL,SI,NO,NO,NO,NO,NO,SI,SI,NO,NO,,DHSS0232874,SI,SI,NO,SI,SI,SI,NO,NO,NO,NO,NO,SI,SI,NO,BAJA
760010395926,PUESTO DE SALUD PANCE,1,329,MEDICINA INTERNA,NO,NO,NO,NO,NO,NO,SI,NO,SI,NO,,DHSS0232875,NO,NO,NO,NO,NO,SI,NO,NO,NO,NO,NO,SI,SI,NO,MEDIANA
760010395926,PUESTO DE SALUD PANCE,1,333,NUTRICION Y DIETETICA,NO,NO,NO,NO,NO,NO,SI,SI,NO,NO,,DHSS0232876,NO,NO,NO,NO,NO,SI,NO,NO,NO,NO,NO,SI,SI,NO,BAJA
760010395926,PUESTO DE SALUD PANCE,1,334,ODONTOLOGIA GENERAL,SI,NO,NO,NO,NO,NO,NO,SI,NO,NO,,DHSS0232877,SI,NO,NO,NO,NO,NO,NO,NO,NO,NO,NO,NO,NO,NO,BAJA
760010395926,PUESTO DE SALUD PANCE,1,342,PEDIATRIA,NO,NO,NO,NO,NO,NO,SI,NO,SI,NO,,DHSS0232878,NO,NO,NO,NO,NO,SI,NO,NO,NO,NO,NO,SI,SI,NO,MEDIANA
760010395926,PUESTO DE SALUD PANCE,1,344,PSICOLOGIA,SI,NO,NO,NO,NO,NO,NO,SI,NO,NO,,DHSS0232879,SI,NO,NO,NO,NO,NO,NO,NO,NO,NO,NO,NO,NO,NO,BAJA
760010395926,PUESTO DE SALUD PANCE,1,420,VACUNACION,SD,SD,SD,SD,SD,SD,SD,SD,SD,SD,,DHSS0232880,SI,SI,NO,SI,SI,NO,NO,NO,NO,NO,NO,NO,NO,NO,BAJA
760010395927,PUESTO DE SALUD VILLACARMELO,1,308,DERMATOLOGIA,NO,NO,NO,NO,NO,NO,SI,NO,SI,NO,,DHSS0232895,NO,NO,NO,NO,NO,SI,NO,NO,NO,NO,NO,SI,SI,NO,MEDIANA
760010395927,PUESTO DE SALUD VILLACARMELO,1,312,ENFERMERIA,SI,NO,NO,NO,NO,NO,NO,SI,NO,NO,,DHSS0232896,SI,SI,NO,SI,SI,NO,NO,NO,NO,NO,NO,NO,NO,NO,BAJA
760010395927,PUESTO DE SALUD VILLACARMELO,1,320,GINECOBSTETRICIA,NO,NO,NO,NO,NO,NO,SI,NO,SI,NO,,DHSS0232897,NO,NO,NO,NO,NO,SI,NO,NO,NO,NO,NO,SI,SI,NO,MEDIANA
760010395927,PUESTO DE SALUD VILLACARMELO,1,325,MEDICINA FAMILIAR,NO,NO,NO,NO,NO,NO,SI,NO,SI,NO,,DHSS0232898,NO,NO,NO,NO,NO,SI,NO,NO,NO,NO,NO,SI,SI,NO,MEDIANA
760010395927,PUESTO DE SALUD VILLACARMELO,1,328,MEDICINA GENERAL,SI,NO,NO,NO,NO,NO,SI,SI,NO,NO,,DHSS0232899,SI,SI,NO,SI,SI,SI,NO,NO,NO,NO,NO,SI,SI,NO,BAJA
760010395927,PUESTO DE SALUD VILLACARMELO,1,329,MEDICINA INTERNA,NO,NO,NO,NO,NO,NO,SI,NO,SI,NO,,DHSS0232900,NO,NO,NO,NO,NO,SI,NO,NO,NO,NO,NO,SI,SI,NO,MEDIANA
760010395927,PUESTO DE SALUD VILLACARMELO,1,333,NUTRICION Y DIETETICA,NO,NO,NO,NO,NO,NO,SI,SI,NO,NO,,DHSS0232901,NO,NO,NO,NO,NO,SI,NO,NO,NO,NO,NO,SI,SI,NO,BAJA
760010395927,PUESTO DE SALUD VILLACARMELO,1,334,ODONTOLOGIA GENERAL,SI,NO,NO,NO,NO,NO,NO,SI,NO,NO,,DHSS0232902,SI,NO,NO,NO,NO,NO,NO,NO,NO,NO,NO,NO,NO,NO,BAJA
760010395927,PUESTO DE SALUD VILLACARMELO,1,342,PEDIATRIA,NO,NO,NO,NO,NO,NO,SI,NO,SI,NO,,DHSS0232903,NO,NO,NO,NO,NO,SI,NO,NO,NO,NO,NO,SI,SI,NO,MEDIANA
760010395927,PUESTO DE SALUD VILLACARMELO,1,344,PSICOLOGIA,SI,NO,NO,NO,NO,NO,NO,SI,NO,NO,,DHSS0232904,SI,NO,NO,NO,NO,NO,NO,NO,NO,NO,NO,NO,NO,NO,BAJA
760010395927,PUESTO DE SALUD VILLACARMELO,1,420,VACUNACION,SD,SD,SD,SD,SD,SD,SD,SD,SD,SD,,DHSS0232905,NO,SI,NO,SI,SI,NO,NO,NO,NO,NO,NO,NO,NO,NO,BAJA
760010395928,PUESTO DE SALUD LA VORAGINE,1,312,ENFERMERIA,SI,NO,NO,NO,NO,NO,NO,SI,NO,NO,,DHSS0232919,SI,SI,NO,SI,SI,NO,NO,NO,NO,NO,NO,NO,NO,NO,BAJA
760010395928,PUESTO DE SALUD LA VORAGINE,1,328,MEDICINA GENERAL,SI,NO,NO,NO,NO,NO,SI,SI,NO,NO,,DHSS0232920,SI,SI,NO,SI,SI,SI,NO,NO,NO,NO,NO,SI,SI,NO,BAJA
760010395928,PUESTO DE SALUD LA VORAGINE,1,334,ODONTOLOGIA GENERAL,SI,NO,NO,NO,NO,NO,NO,SI,NO,NO,,DHSS0232921,SI,NO,NO,NO,NO,NO,NO,NO,NO,NO,NO,NO,NO,NO,BAJA
760010395928,PUESTO DE SALUD LA VORAGINE,1,420,VACUNACION,SD,SD,SD,SD,SD,SD,SD,SD,SD,SD,,DHSS0232923,NO,SI,NO,SI,SI,NO,NO,NO,NO,NO,NO,NO,NO,NO,BAJA
760010395913,CENTRO DE SALUD MELENDEZ,1,325,MEDICINA FAMILIAR,SD,SD,SD,SD,SD,SD,SD,SD,SD,SD,,DHSS0306299,NO,NO,NO,NO,NO,SI,NO,NO,NO,NO,NO,SI,SI,NO,MEDIANA
760010395914,PUESTO DE SALUD MONTEBELLO,1,345,PSIQUIATRIA,SD,SD,SD,SD,SD,SD,SD,SD,SD,SD,,DHSS0306300,NO,NO,NO,NO,NO,SI,NO,NO,NO,NO,NO,SI,SI,NO,MEDIANA
760010395906,CENTRO DE SALUD SILOE,1,311,ENDODONCIA,SD,SD,SD,SD,SD,SD,SD,SD,SD,SD,,DHSS0306303,SI,NO,NO,NO,NO,NO,NO,NO,NO,NO,NO,NO,NO,NO,MEDIANA
760010395906,CENTRO DE SALUD SILOE,1,325,MEDICINA FAMILIAR,SD,SD,SD,SD,SD,SD,SD,SD,SD,SD,,DHSS0306304,SI,NO,NO,NO,NO,NO,NO,NO,NO,NO,NO,NO,NO,NO,MEDIANA
760010395906,CENTRO DE SALUD SILOE,1,338,ORTODONCIA,SD,SD,SD,SD,SD,SD,SD,SD,SD,SD,,DHSS0306305,SI,NO,NO,NO,NO,NO,NO,NO,NO,NO,NO,NO,NO,NO,MEDIANA
760010395906,CENTRO DE SALUD SILOE,1,343,PERIODONCIA,SD,SD,SD,SD,SD,SD,SD,SD,SD,SD,,DHSS0306306,SI,NO,NO,NO,NO,NO,NO,NO,NO,NO,NO,NO,NO,NO,MEDIANA
760010395907,CENTRO DE SALUD TERRON COLORADO,1,325,MEDICINA FAMILIAR,SD,SD,SD,SD,SD,SD,SD,SD,SD,SD,,DHSS0306309,NO,NO,NO,NO,NO,SI,NO,NO,NO,NO,NO,SI,SI,NO,MEDIANA
760010395907,CENTRO DE SALUD TERRON COLORADO,1,329,MEDICINA INTERNA,SD,SD,SD,SD,SD,SD,SD,SD,SD,SD,,DHSS0306310,NO,NO,NO,NO,NO,SI,NO,NO,NO,NO,NO,SI,SI,NO,MEDIANA
760010395907,CENTRO DE SALUD TERRON COLORADO,1,345,PSIQUIATRIA,SD,SD,SD,SD,SD,SD,SD,SD,SD,SD,,DHSS0306311,NO,NO,NO,NO,NO,SI,NO,NO,NO,NO,NO,SI,SI,NO,MEDIANA
760010395901,E.S.E. RED DE SALUD DE LADERA EMPRESA SOCIAL DEL ESTADO HOSPITAL CANAVERALEJO,1,343,PERIODONCIA,SD,SD,SD,SD,SD,SD,SD,SD,SD,SD,,DHSS0306312,SI,NO,NO,NO,NO,NO,NO,NO,NO,NO,NO,NO,NO,NO,MEDIANA
760010395901,E.S.E. RED DE SALUD DE LADERA EMPRESA SOCIAL DEL ESTADO HOSPITAL CANAVERALEJO,1,345,PSIQUIATRIA,SD,SD,SD,SD,SD,SD,SD,SD,SD,SD,,DHSS0306313,SI,NO,NO,NO,NO,SI,SI,SI,NO,SI,NO,NO,NO,NO,MEDIANA
760010395921,CENTRO DE SALUD PRIMERO DE MAYO,1,343,PERIODONCIA,SD,SD,SD,SD,SD,SD,SD,SD,SD,SD,,DHSS0462602,SI,NO,NO,NO,NO,NO,NO,NO,NO,NO,NO,NO,NO,NO,MEDIANA
760010395921,CENTRO DE SALUD PRIMERO DE MAYO,1,329,MEDICINA INTERNA,SD,SD,SD,SD,SD,SD,SD,SD,SD,SD,,DHSS0493416,SI,NO,NO,NO,NO,NO,NO,NO,NO,NO,NO,NO,NO,NO,MEDIANA
760010395921,CENTRO DE SALUD PRIMERO DE MAYO,1,342,PEDIATRIA,SD,SD,SD,SD,SD,SD,SD,SD,SD,SD,,DHSS0493417,SI,NO,NO,NO,NO,NO,NO,NO,NO,NO,NO,NO,NO,NO,MEDIANA
760010395916,PUESTO DE SALUD HORMIGUERO,1,333,NUTRICION Y DIETETICA,NO,NO,NO,NO,NO,NO,SI,SI,NO,NO,,DHSS0231904,NO,NO,NO,NO,NO,SI,NO,NO,NO,NO,NO,SI,SI,NO,BAJA
760010395916,PUESTO DE SALUD HORMIGUERO,1,334,ODONTOLOGIA GENERAL,SI,NO,NO,NO,NO,NO,NO,SI,NO,NO,,DHSS0231905,SI,NO,NO,NO,NO,NO,NO,NO,NO,NO,NO,NO,NO,NO,BAJA
760010395916,PUESTO DE SALUD HORMIGUERO,1,342,PEDIATRIA,NO,NO,NO,NO,NO,NO,SI,NO,SI,NO,,DHSS0231906,NO,NO,NO,NO,NO,SI,NO,NO,NO,NO,NO,SI,SI,NO,MEDIANA
760010395916,PUESTO DE SALUD HORMIGUERO,1,344,PSICOLOGIA,SI,NO,NO,NO,NO,NO,NO,SI,NO,NO,,DHSS0231907,SI,SI,NO,SI,SI,NO,NO,NO,NO,NO,NO,NO,NO,NO,BAJA
760010395916,PUESTO DE SALUD HORMIGUERO,1,420,VACUNACION,SD,SD,SD,SD,SD,SD,SD,SD,SD,SD,,DHSS0231908,SI,SI,NO,SI,SI,NO,NO,NO,NO,NO,NO,NO,NO,NO,BAJA
760010395917,PUESTO DE SALUD LA BUITRERA,1,308,DERMATOLOGIA,NO,NO,NO,NO,NO,NO,SI,NO,SI,NO,,DHSS0231915,NO,NO,NO,NO,NO,SI,NO,NO,NO,NO,NO,SI,SI,NO,MEDIANA
760010395917,PUESTO DE SALUD LA BUITRERA,1,312,ENFERMERIA,SI,NO,NO,NO,NO,NO,NO,SI,NO,NO,,DHSS0231916,SI,SI,NO,SI,SI,NO,NO,NO,NO,NO,NO,NO,NO,NO,BAJA
760010395917,PUESTO DE SALUD LA BUITRERA,1,320,GINECOBSTETRICIA,NO,NO,NO,NO,NO,NO,SI,NO,SI,NO,,DHSS0231917,NO,NO,NO,NO,NO,SI,NO,NO,NO,NO,NO,SI,SI,NO,MEDIANA
760010395917,PUESTO DE SALUD LA BUITRERA,1,325,MEDICINA FAMILIAR,NO,NO,NO,NO,NO,NO,SI,NO,SI,NO,,DHSS0231918,NO,NO,NO,NO,NO,SI,NO,NO,NO,NO,NO,SI,SI,NO,MEDIANA
760010395917,PUESTO DE SALUD LA BUITRERA,1,328,MEDICINA GENERAL,SI,NO,NO,SI,NO,NO,SI,SI,NO,NO,,DHSS0231919,SI,SI,NO,SI,SI,SI,NO,NO,NO,NO,NO,SI,SI,NO,BAJA
760010395917,PUESTO DE SALUD LA BUITRERA,1,329,MEDICINA INTERNA,NO,NO,NO,NO,NO,NO,SI,NO,SI,NO,,DHSS0231920,NO,NO,NO,NO,NO,SI,NO,NO,NO,NO,NO,SI,SI,NO,MEDIANA
760010395917,PUESTO DE SALUD LA BUITRERA,1,333,NUTRICION Y DIETETICA,NO,NO,NO,NO,NO,NO,SI,SI,NO,NO,,DHSS0231921,NO,NO,NO,NO,NO,SI,NO,NO,NO,NO,NO,SI,SI,NO,BAJA
760010395917,PUESTO DE SALUD LA BUITRERA,1,334,ODONTOLOGIA GENERAL,SI,NO,NO,NO,NO,NO,NO,SI,NO,NO,,DHSS0231922,SI,NO,NO,NO,NO,NO,NO,NO,NO,NO,NO,NO,NO,NO,BAJA
760010395917,PUESTO DE SALUD LA BUITRERA,1,342,PEDIATRIA,NO,NO,NO,NO,NO,NO,SI,NO,SI,NO,,DHSS0231923,NO,NO,NO,NO,NO,SI,NO,NO,NO,NO,NO,SI,SI,NO,MEDIANA
760010395917,PUESTO DE SALUD LA BUITRERA,1,344,PSICOLOGIA,SI,NO,NO,NO,NO,NO,NO,SI,NO,NO,,DHSS0231924,SI,SI,NO,SI,SI,NO,NO,NO,NO,NO,NO,NO,NO,NO,BAJA
760010395917,PUESTO DE SALUD LA BUITRERA,1,420,VACUNACION,SD,SD,SD,SD,SD,SD,SD,SD,SD,SD,,DHSS0231925,SI,SI,NO,SI,SI,NO,NO,NO,NO,NO,NO,NO,NO,NO,BAJA
760010395918,PUESTO DE SALUD SALADITO,1,308,DERMATOLOGIA,NO,NO,NO,NO,NO,NO,SI,NO,SI,NO,,DHSS0231934,NO,NO,NO,NO,NO,SI,NO,NO,NO,NO,NO,SI,SI,NO,MEDIANA
760010395918,PUESTO DE SALUD SALADITO,1,312,ENFERMERIA,SI,NO,NO,NO,NO,NO,NO,SI,NO,NO,,DHSS0231935,SI,SI,NO,SI,SI,NO,NO,NO,NO,NO,NO,NO,NO,NO,BAJA
760010395918,PUESTO DE SALUD SALADITO,1,320,GINECOBSTETRICIA,NO,NO,NO,NO,NO,NO,SI,NO,SI,NO,,DHSS0231936,NO,NO,NO,NO,NO,SI,NO,NO,NO,NO,NO,SI,SI,NO,MEDIANA
760010395918,PUESTO DE SALUD SALADITO,1,325,MEDICINA FAMILIAR,NO,NO,NO,NO,NO,NO,SI,NO,SI,NO,,DHSS0231937,NO,NO,NO,NO,NO,SI,NO,NO,NO,NO,NO,SI,SI,NO,MEDIANA
760010395918,PUESTO DE SALUD SALADITO,1,328,MEDICINA GENERAL,SI,NO,NO,NO,NO,NO,SI,SI,NO,NO,,DHSS0231938,SI,SI,NO,SI,SI,SI,NO,NO,NO,NO,NO,SI,SI,NO,BAJA
760010395918,PUESTO DE SALUD SALADITO,1,329,MEDICINA INTERNA,NO,NO,NO,NO,NO,NO,SI,NO,SI,NO,,DHSS0231939,NO,NO,NO,NO,NO,SI,NO,NO,NO,NO,NO,SI,SI,NO,MEDIANA
760010395918,PUESTO DE SALUD SALADITO,1,333,NUTRICION Y DIETETICA,NO,NO,NO,NO,NO,NO,SI,SI,NO,NO,,DHSS0231940,NO,NO,NO,NO,NO,SI,NO,NO,NO,NO,NO,SI,SI,NO,BAJA
760010395918,PUESTO DE SALUD SALADITO,1,334,ODONTOLOGIA GENERAL,SI,NO,NO,NO,NO,NO,NO,SI,NO,NO,,DHSS0231941,SI,NO,NO,NO,NO,NO,NO,NO,NO,NO,NO,NO,NO,NO,BAJA
760010395918,PUESTO DE SALUD SALADITO,1,337,OPTOMETRIA,SD,SD,SD,SD,SD,SD,SD,SD,SD,SD,,DHSS0231942,SI,NO,NO,NO,NO,NO,NO,NO,NO,NO,NO,NO,NO,NO,BAJA
760010395918,PUESTO DE SALUD SALADITO,1,342,PEDIATRIA,NO,NO,NO,NO,NO,NO,SI,NO,SI,NO,,DHSS0231943,NO,NO,NO,NO,NO,SI,NO,NO,NO,NO,NO,SI,SI,NO,MEDIANA
760010395918,PUESTO DE SALUD SALADITO,1,344,PSICOLOGIA,SI,NO,NO,NO,NO,NO,NO,SI,NO,NO,,DHSS0231944,SI,NO,NO,NO,NO,NO,NO,NO,NO,NO,NO,NO,NO,NO,BAJA
760010395918,PUESTO DE SALUD SALADITO,1,420,VACUNACION,SD,SD,SD,SD,SD,SD,SD,SD,SD,SD,,DHSS0231945,SI,SI,NO,SI,SI,NO,NO,NO,NO,NO,NO,NO,NO,NO,BAJA
760010395919,PUESTO DE SALUD FELIDIA,1,308,DERMATOLOGIA,NO,NO,NO,NO,NO,NO,SI,NO,SI,NO,,DHSS0231993,NO,NO,NO,NO,NO,NO,NO,NO,NO,NO,NO,NO,NO,NO,MEDIANA
760010395919,PUESTO DE SALUD FELIDIA,1,312,ENFERMERIA,SI,NO,NO,NO,NO,NO,NO,SI,NO,NO,,DHSS0231994,SI,SI,NO,SI,SI,NO,NO,NO,NO,NO,NO,NO,NO,NO,BAJA
760010395919,PUESTO DE SALUD FELIDIA,1,320,GINECOBSTETRICIA,NO,NO,NO,NO,NO,NO,SI,NO,SI,NO,,DHSS0231995,NO,NO,NO,NO,NO,SI,NO,NO,NO,NO,NO,SI,SI,NO,MEDIANA
760010395919,PUESTO DE SALUD FELIDIA,1,325,MEDICINA FAMILIAR,NO,NO,NO,NO,NO,NO,SI,NO,SI,NO,,DHSS0231996,NO,NO,NO,NO,NO,SI,NO,NO,NO,NO,NO,SI,SI,NO,MEDIANA
760010395919,PUESTO DE SALUD FELIDIA,1,328,MEDICINA GENERAL,SI,NO,NO,NO,NO,NO,SI,SI,NO,NO,,DHSS0231997,SI,SI,NO,SI,SI,SI,NO,NO,NO,NO,NO,SI,SI,NO,BAJA
760010395919,PUESTO DE SALUD FELIDIA,1,329,MEDICINA INTERNA,NO,NO,NO,NO,NO,NO,SI,NO,SI,NO,,DHSS0231998,NO,NO,NO,NO,NO,SI,NO,NO,NO,NO,NO,SI,SI,NO,MEDIANA
760010395919,PUESTO DE SALUD FELIDIA,1,333,NUTRICION Y DIETETICA,NO,NO,NO,NO,NO,NO,SI,SI,NO,NO,,DHSS0231999,NO,NO,NO,NO,NO,SI,NO,NO,NO,NO,NO,SI,SI,NO,BAJA
760010395919,PUESTO DE SALUD FELIDIA,1,334,ODONTOLOGIA GENERAL,SI,NO,NO,NO,NO,NO,NO,SI,NO,NO,,DHSS0232000,SI,NO,NO,NO,NO,NO,NO,NO,NO,NO,NO,NO,NO,NO,BAJA
760010395919,PUESTO DE SALUD FELIDIA,1,337,OPTOMETRIA,SD,SD,SD,SD,SD,SD,SD,SD,SD,SD,,DHSS0232001,SI,NO,NO,NO,NO,NO,NO,NO,NO,NO,NO,NO,NO,NO,BAJA
760010395919,PUESTO DE SALUD FELIDIA,1,342,PEDIATRIA,NO,NO,NO,NO,NO,NO,SI,NO,SI,NO,,DHSS0232002,NO,NO,NO,NO,NO,SI,NO,NO,NO,NO,NO,SI,SI,NO,MEDIANA
760010395919,PUESTO DE SALUD FELIDIA,1,344,PSICOLOGIA,SI,NO,NO,NO,NO,NO,NO,SI,NO,NO,,DHSS0232003,SI,NO,NO,NO,NO,NO,NO,NO,NO,NO,NO,NO,NO,NO,BAJA
760010395919,PUESTO DE SALUD FELIDIA,1,420,VACUNACION,SD,SD,SD,SD,SD,SD,SD,SD,SD,SD,,DHSS0232004,SI,SI,NO,SI,SI,NO,NO,NO,NO,NO,NO,NO,NO,NO,BAJA
760010395921,CENTRO DE SALUD PRIMERO DE MAYO,1,308,DERMATOLOGIA,SI,NO,NO,NO,NO,NO,NO,NO,SI,NO,,DHSS0232193,SI,NO,NO,NO,NO,NO,NO,NO,NO,NO,NO,NO,NO,NO,MEDIANA
760010395921,CENTRO DE SALUD PRIMERO DE MAYO,1,311,ENDODONCIA,SI,NO,NO,NO,NO,NO,NO,NO,SI,NO,,DHSS0232194,SI,NO,NO,NO,NO,NO,NO,NO,NO,NO,NO,NO,NO,NO,MEDIANA
760010395921,CENTRO DE SALUD PRIMERO DE MAYO,1,312,ENFERMERIA,SI,NO,NO,NO,NO,NO,NO,SI,NO,NO,,DHSS0232195,SI,SI,NO,SI,SI,NO,NO,NO,NO,NO,NO,NO,NO,NO,BAJA
760010395921,CENTRO DE SALUD PRIMERO DE MAYO,1,325,MEDICINA FAMILIAR,SI,NO,NO,NO,NO,NO,NO,NO,SI,NO,,DHSS0232196,SI,NO,NO,NO,NO,NO,NO,NO,NO,NO,NO,NO,NO,NO,MEDIANA
760010395921,CENTRO DE SALUD PRIMERO DE MAYO,1,327,MEDICINA FISICA Y REHABILITACION,SI,NO,NO,NO,NO,NO,NO,NO,SI,NO,,DHSS0232197,SI,NO,NO,NO,NO,NO,NO,NO,NO,NO,NO,NO,NO,NO,MEDIANA
760010395921,CENTRO DE SALUD PRIMERO DE MAYO,1,328,MEDICINA GENERAL,SI,NO,NO,NO,NO,NO,NO,SI,NO,NO,,DHSS0232198,SI,NO,NO,NO,NO,NO,NO,NO,NO,NO,NO,NO,NO,NO,BAJA
760010395921,CENTRO DE SALUD PRIMERO DE MAYO,1,333,NUTRICION Y DIETETICA,SI,NO,NO,NO,NO,NO,NO,SI,NO,NO,,DHSS0232199,SI,NO,NO,NO,NO,NO,NO,NO,NO,NO,NO,NO,NO,NO,BAJA
760010395921,CENTRO DE SALUD PRIMERO DE MAYO,1,334,ODONTOLOGIA GENERAL,SI,NO,NO,NO,NO,NO,NO,SI,NO,NO,,DHSS0232200,SI,NO,NO,NO,NO,NO,NO,NO,NO,NO,NO,NO,NO,NO,BAJA
760010395904,PUESTO DE SALUD BRISAS DE MAYO,1,334,ODONTOLOGIA GENERAL,SI,NO,NO,NO,NO,NO,NO,SI,NO,NO,,DHSS0222221,SI,NO,NO,NO,NO,NO,NO,NO,NO,NO,NO,NO,NO,NO,BAJA
760010395904,PUESTO DE SALUD BRISAS DE MAYO,1,344,PSICOLOGIA,SI,NO,NO,NO,NO,NO,NO,SI,NO,NO,,DHSS0222222,SI,NO,NO,NO,NO,NO,NO,NO,NO,NO,NO,NO,NO,NO,BAJA
760010395904,PUESTO DE SALUD BRISAS DE MAYO,1,420,VACUNACION,SD,SD,SD,SD,SD,SD,SD,SD,SD,SD,,DHSS0222223,NO,SI,NO,SI,SI,NO,NO,NO,NO,NO,NO,NO,NO,NO,BAJA
760010395905,PUESTO DE SALUD ESTRELLA,1,312,ENFERMERIA,SI,NO,NO,NO,NO,NO,NO,SI,NO,NO,,DHSS0222244,SI,SI,NO,SI,SI,NO,NO,NO,NO,NO,NO,NO,NO,NO,BAJA
760010395905,PUESTO DE SALUD ESTRELLA,1,328,MEDICINA GENERAL,SI,NO,NO,NO,NO,NO,NO,SI,NO,NO,,DHSS0222245,SI,SI,NO,SI,SI,NO,NO,NO,NO,NO,NO,NO,NO,NO,BAJA
760010395905,PUESTO DE SALUD ESTRELLA,1,334,ODONTOLOGIA GENERAL,SI,NO,NO,NO,NO,NO,NO,SI,NO,NO,,DHSS0222246,SI,NO,NO,NO,NO,NO,NO,NO,NO,NO,NO,NO,NO,NO,BAJA
760010395905,PUESTO DE SALUD ESTRELLA,1,337,OPTOMETRIA,SI,NO,NO,NO,NO,NO,NO,SI,NO,NO,,DHSS0222247,SI,NO,NO,NO,NO,NO,NO,NO,NO,NO,NO,NO,NO,NO,BAJA
760010395905,PUESTO DE SALUD ESTRELLA,1,344,PSICOLOGIA,SI,NO,NO,NO,NO,NO,NO,SI,NO,NO,,DHSS0222248,SI,NO,NO,NO,NO,NO,NO,NO,NO,NO,NO,NO,NO,NO,BAJA
760010395905,PUESTO DE SALUD ESTRELLA,1,420,VACUNACION,SD,SD,SD,SD,SD,SD,SD,SD,SD,SD,,DHSS0222249,NO,SI,NO,SI,SI,NO,NO,NO,NO,NO,NO,NO,NO,NO,BAJA
760010395925,PUESTO DE SALUD BELEN,1,312,ENFERMERIA,SI,NO,NO,NO,NO,NO,NO,SI,NO,NO,,DHSS0222280,SI,SI,NO,SI,SI,NO,NO,NO,NO,NO,NO,NO,NO,NO,BAJA
760010395925,PUESTO DE SALUD BELEN,1,328,MEDICINA GENERAL,SI,NO,NO,NO,NO,NO,NO,SI,NO,NO,,DHSS0222281,SI,SI,NO,SI,SI,NO,NO,NO,NO,NO,NO,NO,NO,NO,BAJA
760010395925,PUESTO DE SALUD BELEN,1,334,ODONTOLOGIA GENERAL,SI,NO,NO,NO,NO,NO,NO,SI,NO,NO,,DHSS0222282,SI,NO,NO,NO,NO,NO,NO,NO,NO,NO,NO,NO,NO,NO,BAJA
760010395925,PUESTO DE SALUD BELEN,1,337,OPTOMETRIA,SI,NO,NO,NO,NO,NO,NO,SI,NO,NO,,DHSS0222283,SI,NO,NO,NO,NO,NO,NO,NO,NO,NO,NO,NO,NO,NO,BAJA
760010395925,PUESTO DE SALUD BELEN,1,420,VACUNACION,SD,SD,SD,SD,SD,SD,SD,SD,SD,SD,,DHSS0222284,NO,SI,NO,SI,SI,NO,NO,NO,NO,NO,NO,NO,NO,NO,BAJA
760010395922,PUESTO DE SALUD LA PAZ URBANA,1,312,ENFERMERIA,SI,NO,NO,NO,NO,NO,NO,SI,NO,NO,,DHSS0222351,SI,SI,NO,SI,SI,NO,NO,NO,NO,NO,NO,NO,NO,NO,BAJA
760010395922,PUESTO DE SALUD LA PAZ URBANA,1,328,MEDICINA GENERAL,SI,NO,NO,NO,NO,NO,NO,SI,NO,NO,,DHSS0222352,SI,SI,NO,SI,SI,NO,NO,NO,NO,NO,NO,NO,NO,NO,BAJA
760010395922,PUESTO DE SALUD LA PAZ URBANA,1,334,ODONTOLOGIA GENERAL,SD,SD,SD,SD,SD,SD,SD,SD,SD,SD,,DHSS0222353,SI,NO,NO,NO,NO,NO,NO,NO,NO,NO,NO,NO,NO,NO,BAJA
760010395922,PUESTO DE SALUD LA PAZ URBANA,1,420,VACUNACION,SD,SD,SD,SD,SD,SD,SD,SD,SD,SD,,DHSS0222356,NO,SI,NO,SI,SI,NO,NO,NO,NO,NO,NO,NO,NO,NO,BAJA
760010395908,PUESTO DE SALUD VISTA HERMOSA,1,312,ENFERMERIA,SI,NO,NO,NO,NO,NO,NO,SI,NO,NO,,DHSS0222442,SI,SI,NO,SI,SI,NO,NO,NO,NO,NO,NO,NO,NO,NO,BAJA
760010395908,PUESTO DE SALUD VISTA HERMOSA,1,328,MEDICINA GENERAL,SI,NO,NO,NO,NO,NO,NO,SI,NO,NO,,DHSS0222443,SI,SI,NO,SI,SI,NO,NO,NO,NO,NO,NO,NO,NO,NO,BAJA
760010395908,PUESTO DE SALUD VISTA HERMOSA,1,334,ODONTOLOGIA GENERAL,SI,NO,NO,NO,NO,NO,NO,SI,NO,NO,,DHSS0222444,SI,NO,NO,NO,NO,NO,NO,NO,NO,NO,NO,NO,NO,NO,BAJA
760010395908,PUESTO DE SALUD VISTA HERMOSA,1,337,OPTOMETRIA,SI,NO,NO,NO,NO,NO,NO,SI,NO,NO,,DHSS0222445,SI,NO,NO,NO,NO,NO,NO,NO,NO,NO,NO,NO,NO,NO,BAJA
760010395908,PUESTO DE SALUD VISTA HERMOSA,1,344,PSICOLOGIA,SI,NO,NO,NO,NO,NO,NO,SI,NO,NO,,DHSS0222446,SI,NO,NO,NO,NO,NO,NO,NO,NO,NO,NO,NO,NO,NO,BAJA
760010395908,PUESTO DE SALUD VISTA HERMOSA,1,420,VACUNACION,SD,SD,SD,SD,SD,SD,SD,SD,SD,SD,,DHSS0222447,SI,SI,NO,SI,SI,NO,NO,NO,NO,NO,NO,NO,NO,NO,BAJA
760010395920,PUESTO DE SALUD BELLA VISTA,1,312,ENFERMERIA,SI,NO,NO,NO,NO,NO,NO,SI,NO,NO,,DHSS0223180,SI,SI,NO,SI,SI,NO,NO,NO,NO,NO,NO,NO,NO,NO,BAJA
760010395920,PUESTO DE SALUD BELLA VISTA,1,328,MEDICINA GENERAL,SI,NO,NO,NO,NO,NO,NO,SI,NO,NO,,DHSS0223181,SI,SI,NO,SI,SI,NO,NO,NO,NO,NO,NO,NO,NO,NO,BAJA
760010395920,PUESTO DE SALUD BELLA VISTA,1,334,ODONTOLOGIA GENERAL,SI,NO,NO,NO,NO,NO,NO,SI,NO,NO,,DHSS0223182,SI,NO,NO,NO,NO,NO,NO,NO,NO,NO,NO,NO,NO,NO,BAJA
760010395920,PUESTO DE SALUD BELLA VISTA,1,337,OPTOMETRIA,SI,NO,NO,NO,NO,NO,NO,SI,NO,NO,,DHSS0223183,SI,NO,NO,NO,NO,NO,NO,NO,NO,NO,NO,NO,NO,NO,BAJA
760010395920,PUESTO DE SALUD BELLA VISTA,1,344,PSICOLOGIA,SI,NO,NO,NO,NO,NO,NO,SI,NO,NO,,DHSS0223184,SI,NO,NO,NO,NO,NO,NO,NO,NO,NO,NO,NO,NO,NO,BAJA
760010395920,PUESTO DE SALUD BELLA VISTA,1,420,VACUNACION,SD,SD,SD,SD,SD,SD,SD,SD,SD,SD,,DHSS0223185,NO,SI,NO,SI,SI,NO,NO,NO,NO,NO,NO,NO,NO,NO,BAJA
760010395933,PUESTO DE SALUD LA CASTILLA,1,312,ENFERMERIA,SI,NO,SI,NO,NO,NO,NO,SI,NO,NO,,DHSS0223325,SI,SI,SI,SI,SI,NO,NO,NO,NO,NO,NO,NO,NO,NO,BAJA
760010395933,PUESTO DE SALUD LA CASTILLA,1,320,GINECOBSTETRICIA,SD,SD,SD,SD,SD,SD,SD,SD,SD,SD,,DHSS0223326,NO,NO,NO,NO,NO,SI,NO,NO,NO,NO,NO,SI,SI,NO,MEDIANA
760010395933,PUESTO DE SALUD LA CASTILLA,1,325,MEDICINA FAMILIAR,SD,SD,SD,SD,SD,SD,SD,SD,SD,SD,,DHSS0223327,SI,NO,NO,NO,NO,SI,NO,NO,NO,NO,NO,SI,SI,NO,MEDIANA
760010395933,PUESTO DE SALUD LA CASTILLA,1,328,MEDICINA GENERAL,SI,NO,NO,NO,NO,NO,SI,SI,NO,NO,,DHSS0223328,SI,SI,NO,SI,SI,SI,NO,NO,NO,NO,NO,SI,SI,NO,BAJA
760010395933,PUESTO DE SALUD LA CASTILLA,1,334,ODONTOLOGIA GENERAL,SI,NO,NO,NO,NO,NO,NO,SI,NO,NO,,DHSS0223329,SI,NO,NO,NO,NO,NO,NO,NO,NO,NO,NO,NO,NO,NO,BAJA
760010395933,PUESTO DE SALUD LA CASTILLA,1,337,OPTOMETRIA,SD,SD,SD,SD,SD,SD,SD,SD,SD,SD,,DHSS0223330,SI,NO,NO,NO,NO,NO,NO,NO,NO,NO,NO,NO,NO,NO,BAJA
760010395933,PUESTO DE SALUD LA CASTILLA,1,342,PEDIATRIA,SD,SD,SD,SD,SD,SD,SD,SD,SD,SD,,DHSS0223331,SI,NO,NO,NO,NO,SI,NO,NO,NO,NO,NO,SI,SI,NO,MEDIANA
760010395933,PUESTO DE SALUD LA CASTILLA,1,344,PSICOLOGIA,SI,NO,NO,NO,NO,NO,NO,SI,NO,NO,,DHSS0223332,SI,NO,NO,NO,NO,NO,NO,NO,NO,NO,NO,NO,NO,NO,BAJA
760010395933,PUESTO DE SALUD LA CASTILLA,1,420,VACUNACION,SD,SD,SD,SD,SD,SD,SD,SD,SD,SD,,DHSS0223333,NO,SI,NO,SI,SI,NO,NO,NO,NO,NO,NO,NO,NO,NO,BAJA
760010395934,PUESTO DE SALUD LA PAZ RURAL,1,312,ENFERMERIA,SI,NO,SI,NO,NO,NO,NO,SI,NO,NO,,DHSS0223402,SI,SI,SI,SI,SI,NO,NO,NO,NO,NO,NO,NO,NO,NO,BAJA
760010395934,PUESTO DE SALUD LA PAZ RURAL,1,328,MEDICINA GENERAL,SI,NO,NO,NO,NO,NO,SI,SI,NO,NO,,DHSS0223403,SI,SI,NO,SI,SI,SI,NO,NO,NO,NO,NO,SI,SI,NO,BAJA
760010395934,PUESTO DE SALUD LA PAZ RURAL,1,334,ODONTOLOGIA GENERAL,SI,NO,NO,NO,NO,NO,NO,SI,NO,NO,,DHSS0223404,SI,NO,NO,NO,NO,NO,NO,NO,NO,NO,NO,NO,NO,NO,BAJA
760010395934,PUESTO DE SALUD LA PAZ RURAL,1,344,PSICOLOGIA,SI,NO,NO,NO,NO,NO,NO,SI,NO,NO,,DHSS0223405,SI,NO,NO,NO,NO,NO,NO,NO,NO,NO,NO,NO,NO,NO,BAJA
760010395934,PUESTO DE SALUD LA PAZ RURAL,1,420,VACUNACION,SD,SD,SD,SD,SD,SD,SD,SD,SD,SD,,DHSS0223406,NO,SI,NO,SI,SI,NO,NO,NO,NO,NO,NO,NO,NO,NO,BAJA
760010395935,PUESTO DE SALUD LOS ANDES,1,312,ENFERMERIA,SI,NO,NO,NO,NO,NO,NO,SI,NO,NO,,DHSS0223518,SI,SI,NO,SI,SI,NO,NO,NO,NO,NO,NO,NO,NO,NO,BAJA
760010395935,PUESTO DE SALUD LOS ANDES,1,328,MEDICINA GENERAL,SI,NO,NO,NO,NO,NO,SI,SI,NO,NO,,DHSS0223519,SI,SI,NO,SI,SI,SI,NO,NO,NO,NO,NO,SI,SI,NO,BAJA
760010395930,PUESTO DE SALUD PENAS BLANCAS,1,308,DERMATOLOGIA,NO,NO,NO,NO,NO,NO,SI,NO,SI,NO,,DHSS0218405,NO,NO,NO,NO,NO,SI,NO,NO,NO,NO,NO,SI,SI,NO,MEDIANA
760010395930,PUESTO DE SALUD PENAS BLANCAS,1,312,ENFERMERIA,SI,NO,NO,NO,NO,NO,NO,SI,NO,NO,,DHSS0218406,SI,SI,NO,SI,SI,NO,NO,NO,NO,NO,NO,NO,NO,NO,BAJA
760010395930,PUESTO DE SALUD PENAS BLANCAS,1,320,GINECOBSTETRICIA,NO,NO,NO,NO,NO,NO,SI,NO,SI,NO,,DHSS0218407,NO,NO,NO,NO,NO,SI,NO,NO,NO,NO,NO,SI,SI,NO,MEDIANA
760010395930,PUESTO DE SALUD PENAS BLANCAS,1,325,MEDICINA FAMILIAR,NO,NO,NO,NO,NO,NO,SI,NO,SI,NO,,DHSS0218408,NO,NO,NO,NO,NO,SI,NO,NO,NO,NO,NO,SI,SI,NO,MEDIANA
760010395930,PUESTO DE SALUD PENAS BLANCAS,1,328,MEDICINA GENERAL,SI,NO,NO,NO,NO,NO,SI,SI,NO,NO,,DHSS0218409,SI,SI,NO,SI,SI,SI,NO,NO,NO,NO,NO,SI,SI,NO,BAJA
760010395930,PUESTO DE SALUD PENAS BLANCAS,1,329,MEDICINA INTERNA,NO,NO,NO,NO,NO,NO,SI,NO,SI,NO,,DHSS0218410,NO,NO,NO,NO,NO,SI,NO,NO,NO,NO,NO,SI,SI,NO,MEDIANA
760010395930,PUESTO DE SALUD PENAS BLANCAS,1,333,NUTRICION Y DIETETICA,NO,NO,NO,NO,NO,NO,SI,SI,NO,NO,,DHSS0218411,NO,NO,NO,NO,NO,SI,NO,NO,NO,NO,NO,SI,SI,NO,BAJA
760010395930,PUESTO DE SALUD PENAS BLANCAS,1,334,ODONTOLOGIA GENERAL,SD,SD,SD,SD,SD,SD,SD,SD,SD,SD,,DHSS0218412,SI,NO,NO,NO,NO,NO,NO,NO,NO,NO,NO,NO,NO,NO,BAJA
760010395930,PUESTO DE SALUD PENAS BLANCAS,1,337,OPTOMETRIA,SD,SD,SD,SD,SD,SD,SD,SD,SD,SD,,DHSS0218413,SI,NO,NO,NO,NO,NO,NO,NO,NO,NO,NO,NO,NO,NO,BAJA
760010395930,PUESTO DE SALUD PENAS BLANCAS,1,342,PEDIATRIA,NO,NO,NO,NO,NO,NO,SI,NO,SI,NO,,DHSS0218414,NO,NO,NO,NO,NO,SI,NO,NO,NO,NO,NO,SI,SI,NO,MEDIANA
760010395930,PUESTO DE SALUD PENAS BLANCAS,1,344,PSICOLOGIA,SI,NO,NO,NO,NO,NO,NO,SI,NO,NO,,DHSS0218415,SI,NO,NO,NO,NO,NO,NO,NO,NO,NO,NO,NO,NO,NO,BAJA
760010395930,PUESTO DE SALUD PENAS BLANCAS,1,420,VACUNACION,SD,SD,SD,SD,SD,SD,SD,SD,SD,SD,,DHSS0218416,NO,SI,NO,SI,SI,NO,NO,NO,NO,NO,NO,NO,NO,NO,BAJA
760010395901,E.S.E. RED DE SALUD DE LADERA EMPRESA SOCIAL DEL ESTADO HOSPITAL CANAVERALEJO,1,301,ANESTESIA,SI,NO,NO,NO,NO,NO,NO,NO,SI,NO,,DHSS0218455,SI,NO,NO,NO,NO,NO,NO,NO,NO,NO,NO,NO,NO,NO,MEDIANA
760010395901,E.S.E. RED DE SALUD DE LADERA EMPRESA SOCIAL DEL ESTADO HOSPITAL CANAVERALEJO,1,308,DERMATOLOGIA,SI,NO,NO,NO,NO,SI,NO,NO,SI,NO,,DHSS0218456,SI,NO,NO,NO,NO,SI,SI,SI,NO,SI,NO,NO,NO,NO,MEDIANA
760010395901,E.S.E. RED DE SALUD DE LADERA EMPRESA SOCIAL DEL ESTADO HOSPITAL CANAVERALEJO,1,311,ENDODONCIA,SI,NO,NO,NO,NO,NO,NO,NO,SI,NO,,DHSS0218457,SI,NO,NO,NO,NO,NO,NO,NO,NO,NO,NO,NO,NO,NO,MEDIANA
760010395901,E.S.E. RED DE SALUD DE LADERA EMPRESA SOCIAL DEL ESTADO HOSPITAL CANAVERALEJO,1,312,ENFERMERIA,SI,NO,NO,NO,NO,NO,NO,SI,NO,NO,,DHSS0218458,SI,SI,NO,SI,SI,NO,NO,NO,NO,NO,NO,NO,NO,NO,BAJA
760010395901,E.S.E. RED DE SALUD DE LADERA EMPRESA SOCIAL DEL ESTADO HOSPITAL CANAVERALEJO,1,320,GINECOBSTETRICIA,SI,NO,NO,NO,NO,SI,NO,NO,SI,NO,,DHSS0218459,SI,NO,NO,NO,NO,SI,SI,SI,NO,SI,NO,NO,NO,NO,MEDIANA
760010395901,E.S.E. RED DE SALUD DE LADERA EMPRESA SOCIAL DEL ESTADO HOSPITAL CANAVERALEJO,1,325,MEDICINA FAMILIAR,NO,NO,NO,NO,NO,SI,NO,NO,SI,NO,,DHSS0218460,SI,NO,NO,NO,NO,SI,SI,SI,NO,SI,NO,NO,NO,NO,MEDIANA
760010395901,E.S.E. RED DE SALUD DE LADERA EMPRESA SOCIAL DEL ESTADO HOSPITAL CANAVERALEJO,1,328,MEDICINA GENERAL,SI,NO,SI,NO,NO,SI,NO,SI,NO,NO,,DHSS0218461,SI,SI,SI,SI,SI,SI,SI,SI,NO,SI,NO,NO,NO,NO,BAJA
760010395901,E.S.E. RED DE SALUD DE LADERA EMPRESA SOCIAL DEL ESTADO HOSPITAL CANAVERALEJO,1,329,MEDICINA INTERNA,SI,NO,NO,NO,NO,SI,NO,NO,SI,NO,,DHSS0218462,SI,NO,NO,NO,NO,SI,SI,SI,NO,SI,NO,NO,NO,NO,MEDIANA
760010395901,E.S.E. RED DE SALUD DE LADERA EMPRESA SOCIAL DEL ESTADO HOSPITAL CANAVERALEJO,1,333,NUTRICION Y DIETETICA,SI,NO,NO,NO,NO,SI,NO,SI,NO,NO,,DHSS0218463,SI,SI,NO,SI,SI,SI,SI,SI,NO,SI,NO,NO,NO,NO,BAJA
760010395901,E.S.E. RED DE SALUD DE LADERA EMPRESA SOCIAL DEL ESTADO HOSPITAL CANAVERALEJO,1,334,ODONTOLOGIA GENERAL,SI,NO,SI,NO,NO,NO,NO,SI,NO,NO,,DHSS0218464,SI,SI,SI,NO,SI,NO,NO,NO,NO,NO,NO,NO,NO,NO,BAJA
760010395901,E.S.E. RED DE SALUD DE LADERA EMPRESA SOCIAL DEL ESTADO HOSPITAL CANAVERALEJO,1,335,OFTALMOLOGIA,SI,NO,NO,NO,NO,NO,NO,NO,SI,NO,,DHSS0218465,SI,NO,NO,NO,NO,NO,NO,NO,NO,NO,NO,NO,NO,NO,MEDIANA
760010395901,E.S.E. RED DE SALUD DE LADERA EMPRESA SOCIAL DEL ESTADO HOSPITAL CANAVERALEJO,1,337,OPTOMETRIA,SI,NO,SI,NO,NO,NO,NO,SI,NO,NO,,DHSS0218466,SI,NO,SI,NO,NO,NO,NO,NO,NO,NO,NO,NO,NO,NO,BAJA
760010395901,E.S.E. RED DE SALUD DE LADERA EMPRESA SOCIAL DEL ESTADO HOSPITAL CANAVERALEJO,1,338,ORTODONCIA,SI,NO,NO,NO,NO,NO,NO,NO,SI,NO,,DHSS0218467,SI,NO,NO,NO,NO,NO,NO,NO,NO,NO,NO,NO,NO,NO,MEDIANA
760010395901,E.S.E. RED DE SALUD DE LADERA EMPRESA SOCIAL DEL ESTADO HOSPITAL CANAVERALEJO,1,342,PEDIATRIA,SI,NO,NO,NO,NO,SI,NO,NO,SI,NO,,DHSS0218468,SI,NO,NO,NO,NO,SI,SI,SI,NO,SI,NO,NO,NO,NO,MEDIANA
760010395901,E.S.E. RED DE SALUD DE LADERA EMPRESA SOCIAL DEL ESTADO HOSPITAL CANAVERALEJO,1,344,PSICOLOGIA,SI,NO,NO,NO,NO,SI,NO,SI,NO,NO,,DHSS0218469,SI,SI,NO,SI,SI,SI,SI,SI,NO,SI,NO,NO,NO,NO,BAJA
760010395901,E.S.E. RED DE SALUD DE LADERA EMPRESA SOCIAL DEL ESTADO HOSPITAL CANAVERALEJO,1,396,ODONTOPEDIATRIA,SI,NO,NO,NO,NO,NO,NO,NO,SI,NO,,DHSS0218470,SI,NO,NO,NO,NO,NO,NO,NO,NO,NO,NO,NO,NO,NO,MEDIANA
760010395901,E.S.E. RED DE SALUD DE LADERA EMPRESA SOCIAL DEL ESTADO HOSPITAL CANAVERALEJO,1,420,VACUNACION,SD,SD,SD,SD,SD,SD,SD,SD,SD,SD,,DHSS0218471,SI,SI,SI,SI,SI,NO,NO,NO,NO,NO,NO,NO,NO,NO,BAJA
760010395902,PUESTO DE SALUD SULTANA,1,312,ENFERMERIA,SI,NO,NO,NO,NO,NO,NO,SI,NO,NO,,DHSS0221385,SI,SI,NO,SI,SI,NO,NO,NO,NO,NO,NO,NO,NO,NO,BAJA
760010395902,PUESTO DE SALUD SULTANA,1,320,GINECOBSTETRICIA,SD,SD,SD,SD,SD,SD,SD,SD,SD,SD,,DHSS0221386,SI,NO,NO,SI,NO,NO,NO,NO,NO,NO,NO,NO,NO,NO,MEDIANA
760010395902,PUESTO DE SALUD SULTANA,1,328,MEDICINA GENERAL,SI,NO,NO,NO,NO,NO,NO,SI,NO,NO,,DHSS0221387,SI,SI,NO,SI,SI,NO,NO,NO,NO,NO,NO,NO,NO,NO,BAJA
760010395902,PUESTO DE SALUD SULTANA,1,334,ODONTOLOGIA GENERAL,SI,NO,NO,NO,NO,NO,NO,SI,NO,NO,,DHSS0221388,SI,NO,NO,NO,NO,NO,NO,NO,NO,NO,NO,NO,NO,NO,BAJA
760010395902,PUESTO DE SALUD SULTANA,1,337,OPTOMETRIA,SD,SD,SD,SD,SD,SD,SD,SD,SD,SD,,DHSS0221389,SI,NO,NO,SI,NO,NO,NO,NO,NO,NO,NO,NO,NO,NO,BAJA
760010395902,PUESTO DE SALUD SULTANA,1,342,PEDIATRIA,SD,SD,SD,SD,SD,SD,SD,SD,SD,SD,,DHSS0221390,SI,NO,NO,SI,NO,NO,NO,NO,NO,NO,NO,NO,NO,NO,MEDIANA
760010395902,PUESTO DE SALUD SULTANA,1,344,PSICOLOGIA,SI,NO,NO,NO,NO,NO,NO,SI,NO,NO,,DHSS0221391,SI,NO,NO,NO,NO,NO,NO,NO,NO,NO,NO,NO,NO,NO,BAJA
760010395902,PUESTO DE SALUD SULTANA,1,420,VACUNACION,SD,SD,SD,SD,SD,SD,SD,SD,SD,SD,,DHSS0221392,SI,SI,NO,SI,SI,NO,NO,NO,NO,NO,NO,NO,NO,NO,BAJA
760010395903,PUESTO DE SALUD SIRENA,1,312,ENFERMERIA,SI,NO,NO,NO,NO,NO,NO,SI,NO,NO,,DHSS0221694,SI,SI,NO,SI,SI,NO,NO,NO,NO,NO,NO,NO,NO,NO,BAJA
760010395903,PUESTO DE SALUD SIRENA,1,328,MEDICINA GENERAL,SI,NO,NO,NO,NO,NO,NO,SI,NO,NO,,DHSS0221695,SI,SI,NO,SI,SI,NO,NO,NO,NO,NO,NO,NO,NO,NO,BAJA
760010395903,PUESTO DE SALUD SIRENA,1,334,ODONTOLOGIA GENERAL,SI,NO,NO,NO,NO,NO,NO,SI,NO,NO,,DHSS0221696,SI,NO,NO,NO,NO,NO,NO,NO,NO,NO,NO,NO,NO,NO,BAJA
760010395903,PUESTO DE SALUD SIRENA,1,337,OPTOMETRIA,SI,NO,NO,NO,NO,NO,NO,SI,NO,NO,,DHSS0221697,SI,NO,NO,NO,NO,NO,NO,NO,NO,NO,NO,NO,NO,NO,BAJA
760010395903,PUESTO DE SALUD SIRENA,1,344,PSICOLOGIA,SI,NO,NO,NO,NO,NO,NO,SI,NO,NO,,DHSS0221698,SI,NO,NO,NO,NO,NO,NO,NO,NO,NO,NO,NO,NO,NO,BAJA
760010395903,PUESTO DE SALUD SIRENA,1,420,VACUNACION,SD,SD,SD,SD,SD,SD,SD,SD,SD,SD,,DHSS0221699,SI,SI,NO,SI,SI,NO,NO,NO,NO,NO,NO,NO,NO,NO,BAJA
760010395904,PUESTO DE SALUD BRISAS DE MAYO,1,312,ENFERMERIA,SI,NO,NO,NO,NO,NO,NO,SI,NO,NO,,DHSS0222218,SI,SI,NO,SI,SI,NO,NO,NO,NO,NO,NO,NO,NO,NO,BAJA
760010395904,PUESTO DE SALUD BRISAS DE MAYO,1,325,MEDICINA FAMILIAR,SD,SD,SD,SD,SD,SD,SD,SD,SD,SD,,DHSS0222219,SI,NO,NO,NO,NO,NO,NO,NO,NO,NO,NO,NO,NO,NO,MEDIANA
760010395904,PUESTO DE SALUD BRISAS DE MAYO,1,328,MEDICINA GENERAL,SI,NO,NO,NO,NO,NO,NO,SI,NO,NO,,DHSS0222220,SI,SI,NO,SI,SI,NO,NO,NO,NO,NO,NO,NO,NO,NO,BAJA
760010395929,PUESTO DE SALUD LA LEONERA,1,308,DERMATOLOGIA,NO,NO,NO,NO,NO,NO,SI,NO,SI,NO,,DHSS0224680,NO,NO,NO,NO,NO,SI,NO,NO,NO,NO,NO,SI,SI,NO,MEDIANA
760010395929,PUESTO DE SALUD LA LEONERA,1,312,ENFERMERIA,SI,NO,NO,NO,NO,NO,NO,SI,NO,NO,,DHSS0224681,SI,SI,NO,SI,SI,NO,NO,NO,NO,NO,NO,NO,NO,NO,BAJA
760010395929,PUESTO DE SALUD LA LEONERA,1,320,GINECOBSTETRICIA,NO,NO,NO,NO,NO,NO,SI,NO,SI,NO,,DHSS0224682,NO,NO,NO,NO,NO,SI,NO,NO,NO,NO,NO,SI,NO,SI,MEDIANA
760010395929,PUESTO DE SALUD LA LEONERA,1,325,MEDICINA FAMILIAR,NO,NO,NO,NO,NO,NO,SI,NO,SI,NO,,DHSS0224683,NO,NO,NO,NO,NO,SI,NO,NO,NO,NO,NO,SI,SI,NO,MEDIANA
760010395929,PUESTO DE SALUD LA LEONERA,1,328,MEDICINA GENERAL,SI,NO,NO,NO,NO,NO,SI,SI,NO,NO,,DHSS0224684,SI,SI,NO,SI,SI,SI,NO,NO,NO,NO,NO,SI,SI,NO,BAJA
760010395929,PUESTO DE SALUD LA LEONERA,1,329,MEDICINA INTERNA,NO,NO,NO,NO,NO,NO,SI,NO,SI,NO,,DHSS0224685,NO,NO,NO,NO,NO,SI,NO,NO,NO,NO,NO,SI,SI,NO,MEDIANA
760010395929,PUESTO DE SALUD LA LEONERA,1,333,NUTRICION Y DIETETICA,NO,NO,NO,NO,NO,NO,SI,SI,NO,NO,,DHSS0224686,NO,NO,NO,NO,NO,SI,NO,NO,NO,NO,NO,SI,SI,NO,BAJA
760010395929,PUESTO DE SALUD LA LEONERA,1,334,ODONTOLOGIA GENERAL,SI,NO,NO,NO,NO,NO,NO,SI,NO,NO,,DHSS0224687,SI,NO,NO,NO,NO,NO,NO,NO,NO,NO,NO,NO,NO,NO,BAJA
760010395929,PUESTO DE SALUD LA LEONERA,1,337,OPTOMETRIA,SD,SD,SD,SD,SD,SD,SD,SD,SD,SD,,DHSS0224688,SI,NO,NO,NO,NO,NO,NO,NO,NO,NO,NO,NO,NO,NO,BAJA
760010395929,PUESTO DE SALUD LA LEONERA,1,342,PEDIATRIA,NO,NO,NO,NO,NO,NO,SI,NO,SI,NO,,DHSS0224689,NO,NO,NO,NO,NO,SI,NO,NO,NO,NO,NO,SI,NO,SI,MEDIANA
760010395929,PUESTO DE SALUD LA LEONERA,1,344,PSICOLOGIA,SI,NO,NO,NO,NO,NO,NO,SI,NO,NO,,DHSS0224690,SI,NO,NO,NO,NO,NO,NO,NO,NO,NO,NO,NO,NO,NO,BAJA
760010395929,PUESTO DE SALUD LA LEONERA,1,420,VACUNACION,SD,SD,SD,SD,SD,SD,SD,SD,SD,SD,,DHSS0224691,SI,SI,NO,SI,SI,NO,NO,NO,NO,NO,NO,NO,NO,NO,BAJA
760010395906,CENTRO DE SALUD SILOE,1,301,ANESTESIA,SI,NO,NO,NO,NO,NO,NO,NO,SI,NO,,DHSS0230057,SI,NO,NO,NO,NO,NO,NO,NO,NO,NO,NO,NO,NO,NO,MEDIANA
760010395906,CENTRO DE SALUD SILOE,1,308,DERMATOLOGIA,SI,NO,NO,NO,NO,SI,NO,NO,SI,NO,,DHSS0230058,SI,NO,NO,NO,NO,SI,SI,SI,NO,SI,NO,NO,NO,NO,MEDIANA
760010395906,CENTRO DE SALUD SILOE,1,312,ENFERMERIA,SI,NO,NO,NO,NO,NO,NO,SI,NO,NO,,DHSS0230059,SI,SI,NO,SI,SI,NO,NO,NO,NO,NO,NO,NO,NO,NO,BAJA
760010395906,CENTRO DE SALUD SILOE,1,320,GINECOBSTETRICIA,SI,NO,NO,NO,NO,NO,NO,NO,SI,NO,,DHSS0230060,SI,NO,NO,NO,NO,NO,NO,NO,NO,NO,NO,NO,NO,NO,MEDIANA
760010395906,CENTRO DE SALUD SILOE,1,328,MEDICINA GENERAL,SI,NO,NO,SI,NO,SI,NO,SI,NO,NO,,DHSS0230061,SI,SI,NO,SI,SI,SI,SI,SI,NO,SI,NO,NO,NO,NO,BAJA
760010395906,CENTRO DE SALUD SILOE,1,329,MEDICINA INTERNA,SI,NO,NO,NO,NO,SI,NO,NO,SI,NO,,DHSS0230062,SI,NO,NO,NO,NO,SI,SI,SI,NO,SI,NO,NO,NO,NO,MEDIANA
760010395906,CENTRO DE SALUD SILOE,1,333,NUTRICION Y DIETETICA,SI,NO,NO,NO,NO,NO,NO,SI,NO,NO,,DHSS0230063,SI,NO,NO,NO,NO,NO,NO,NO,NO,NO,NO,NO,NO,NO,BAJA
760010395906,CENTRO DE SALUD SILOE,1,334,ODONTOLOGIA GENERAL,SI,NO,NO,NO,NO,NO,NO,SI,NO,NO,,DHSS0230064,SI,SI,SI,NO,SI,NO,NO,NO,NO,NO,NO,NO,NO,NO,BAJA
760010395906,CENTRO DE SALUD SILOE,1,342,PEDIATRIA,SI,NO,NO,NO,NO,SI,NO,NO,SI,NO,,DHSS0230065,SI,NO,NO,NO,NO,SI,SI,SI,NO,SI,NO,NO,NO,NO,MEDIANA
760010395906,CENTRO DE SALUD SILOE,1,344,PSICOLOGIA,SI,NO,NO,NO,NO,NO,NO,SI,NO,NO,,DHSS0230066,SI,SI,NO,SI,SI,NO,NO,NO,NO,NO,NO,NO,NO,NO,BAJA
760010395906,CENTRO DE SALUD SILOE,1,345,PSIQUIATRIA,SI,NO,NO,NO,NO,NO,NO,NO,SI,NO,,DHSS0230067,SI,NO,NO,NO,NO,NO,NO,NO,NO,NO,NO,NO,NO,NO,MEDIANA
760010395906,CENTRO DE SALUD SILOE,1,414,MEDICINA ALTERNATIVA Y COMPLEMENTARIA - TRADICIONAL CHINA,SD,SD,SD,SD,SD,SD,SD,SD,SD,SD,,DHSS0230068,SI,NO,NO,NO,NO,NO,NO,NO,NO,NO,NO,NO,NO,NO,MEDIANA
760010395906,CENTRO DE SALUD SILOE,1,420,VACUNACION,SD,SD,SD,SD,SD,SD,SD,SD,SD,SD,,DHSS0230069,SI,SI,NO,SI,SI,NO,NO,NO,NO,NO,NO,NO,NO,NO,BAJA
760010395907,CENTRO DE SALUD TERRON COLORADO,1,312,ENFERMERIA,SI,NO,NO,NO,NO,NO,NO,SI,NO,NO,,DHSS0231166,SI,SI,NO,SI,SI,NO,NO,NO,NO,NO,NO,NO,NO,NO,BAJA
760010395907,CENTRO DE SALUD TERRON COLORADO,1,320,GINECOBSTETRICIA,SI,NO,NO,NO,NO,NO,NO,NO,SI,NO,,DHSS0231167,SI,NO,NO,NO,NO,NO,NO,NO,NO,NO,NO,NO,NO,NO,MEDIANA
760010395907,CENTRO DE SALUD TERRON COLORADO,1,328,MEDICINA GENERAL,SI,NO,NO,SI,NO,NO,NO,SI,NO,NO,,DHSS0231168,SI,SI,NO,SI,SI,NO,NO,NO,NO,NO,NO,NO,NO,NO,BAJA
760010395907,CENTRO DE SALUD TERRON COLORADO,1,333,NUTRICION Y DIETETICA,SI,NO,NO,NO,NO,NO,NO,SI,NO,NO,,DHSS0231169,SI,NO,NO,NO,NO,NO,NO,NO,NO,NO,NO,NO,NO,NO,BAJA
760010395907,CENTRO DE SALUD TERRON COLORADO,1,334,ODONTOLOGIA GENERAL,SI,NO,NO,NO,NO,NO,NO,SI,NO,NO,,DHSS0231170,SI,NO,NO,NO,NO,NO,NO,NO,NO,NO,NO,NO,NO,NO,BAJA
760010395907,CENTRO DE SALUD TERRON COLORADO,1,338,ORTODONCIA,SI,NO,NO,NO,NO,NO,NO,NO,SI,NO,,DHSS0231171,SI,NO,NO,NO,NO,NO,NO,NO,NO,NO,NO,NO,NO,NO,MEDIANA
760010395907,CENTRO DE SALUD TERRON COLORADO,1,342,PEDIATRIA,SD,SD,SD,SD,SD,SD,SD,SD,SD,SD,,DHSS0231172,SI,NO,NO,NO,NO,NO,NO,NO,NO,NO,NO,NO,NO,NO,MEDIANA
760010395907,CENTRO DE SALUD TERRON COLORADO,1,343,PERIODONCIA,SI,NO,NO,NO,NO,NO,NO,NO,SI,NO,,DHSS0231173,SI,NO,NO,NO,NO,NO,NO,NO,NO,NO,NO,NO,NO,NO,MEDIANA
760010395907,CENTRO DE SALUD TERRON COLORADO,1,344,PSICOLOGIA,SI,NO,NO,NO,NO,NO,NO,SI,NO,NO,,DHSS0231174,SI,SI,NO,SI,SI,NO,NO,NO,NO,NO,NO,NO,NO,NO,BAJA
760010395907,CENTRO DE SALUD TERRON COLORADO,1,420,VACUNACION,SD,SD,SD,SD,SD,SD,SD,SD,SD,SD,,DHSS0231175,SI,SI,NO,SI,SI,NO,NO,NO,NO,NO,NO,NO,NO,NO,BAJA
760010395910,PUESTO DE SALUD NAPOLES,1,312,ENFERMERIA,SI,NO,NO,NO,NO,NO,NO,SI,NO,NO,,DHSS0231275,SI,SI,NO,SI,SI,NO,NO,NO,NO,NO,NO,NO,NO,NO,BAJA
760010395910,PUESTO DE SALUD NAPOLES,1,328,MEDICINA GENERAL,SI,NO,NO,NO,NO,NO,NO,SI,NO,NO,,DHSS0231277,SI,SI,NO,SI,SI,NO,NO,NO,NO,NO,NO,NO,NO,NO,BAJA
760010395910,PUESTO DE SALUD NAPOLES,1,334,ODONTOLOGIA GENERAL,SI,NO,NO,NO,NO,NO,NO,SI,NO,NO,,DHSS0231278,SI,NO,NO,NO,NO,NO,NO,NO,NO,NO,NO,NO,NO,NO,BAJA
760010395910,PUESTO DE SALUD NAPOLES,1,420,VACUNACION,SD,SD,SD,SD,SD,SD,SD,SD,SD,SD,,DHSS0231281,SI,SI,NO,SI,SI,NO,NO,NO,NO,NO,NO,NO,NO,NO,BAJA
760010395911,PUESTO DE SALUD POLVORINES,1,312,ENFERMERIA,SI,NO,NO,NO,NO,NO,NO,SI,NO,NO,,DHSS0231304,SI,SI,NO,SI,SI,NO,NO,NO,NO,NO,NO,NO,NO,NO,BAJA
760010395911,PUESTO DE SALUD POLVORINES,1,328,MEDICINA GENERAL,SI,NO,NO,NO,NO,NO,NO,SI,NO,NO,,DHSS0231306,SI,SI,NO,SI,SI,NO,NO,NO,NO,NO,NO,NO,NO,NO,BAJA
760010395911,PUESTO DE SALUD POLVORINES,1,334,ODONTOLOGIA GENERAL,SI,NO,NO,NO,NO,NO,NO,SI,NO,NO,,DHSS0231307,SI,NO,NO,NO,NO,NO,NO,NO,NO,NO,NO,NO,NO,NO,BAJA
760010395911,PUESTO DE SALUD POLVORINES,1,420,VACUNACION,SD,SD,SD,SD,SD,SD,SD,SD,SD,SD,,DHSS0231310,SI,SI,NO,SI,SI,NO,NO,NO,NO,NO,NO,NO,NO,NO,BAJA
760010395912,PUESTO DE SALUD ALTO NAPOLES,1,312,ENFERMERIA,SI,NO,NO,NO,NO,NO,NO,SI,NO,NO,,DHSS0231392,SI,SI,NO,SI,SI,NO,NO,NO,NO,NO,NO,NO,NO,NO,BAJA
760010395912,PUESTO DE SALUD ALTO NAPOLES,1,320,GINECOBSTETRICIA,SD,SD,SD,SD,SD,SD,SD,SD,SD,SD,,DHSS0231393,SI,NO,NO,NO,NO,NO,NO,NO,NO,NO,NO,NO,NO,NO,MEDIANA
760010395935,PUESTO DE SALUD LOS ANDES,1,334,ODONTOLOGIA GENERAL,SD,SD,SD,SD,SD,SD,SD,SD,SD,SD,,DHSS0223520,SI,NO,NO,NO,NO,NO,NO,NO,NO,NO,NO,NO,NO,NO,BAJA
760010395935,PUESTO DE SALUD LOS ANDES,1,344,PSICOLOGIA,SI,NO,NO,NO,NO,NO,NO,SI,NO,NO,,DHSS0223521,SI,NO,NO,NO,NO,NO,NO,NO,NO,NO,NO,NO,NO,NO,BAJA
760010395935,PUESTO DE SALUD LOS ANDES,1,420,VACUNACION,SD,SD,SD,SD,SD,SD,SD,SD,SD,SD,,DHSS0223522,NO,SI,NO,SI,SI,NO,NO,NO,NO,NO,NO,NO,NO,NO,BAJA
760010395936,PUESTO DE SALUD LA ELVIRA,1,312,ENFERMERIA,SI,NO,SI,NO,NO,NO,NO,SI,NO,NO,,DHSS0223608,SI,SI,SI,SI,SI,NO,NO,NO,NO,NO,NO,NO,NO,NO,BAJA
760010395936,PUESTO DE SALUD LA ELVIRA,1,320,GINECOBSTETRICIA,SD,SD,SD,SD,SD,SD,SD,SD,SD,SD,,DHSS0223609,NO,NO,NO,NO,NO,SI,NO,NO,NO,NO,NO,SI,SI,NO,MEDIANA
760010395936,PUESTO DE SALUD LA ELVIRA,1,325,MEDICINA FAMILIAR,SD,SD,SD,SD,SD,SD,SD,SD,SD,SD,,DHSS0223610,SI,NO,NO,NO,NO,SI,NO,NO,NO,NO,NO,SI,SI,NO,MEDIANA
760010395936,PUESTO DE SALUD LA ELVIRA,1,328,MEDICINA GENERAL,SI,NO,NO,NO,NO,NO,SI,SI,NO,NO,,DHSS0223611,SI,SI,NO,SI,SI,SI,NO,NO,NO,NO,NO,SI,SI,NO,BAJA
760010395936,PUESTO DE SALUD LA ELVIRA,1,334,ODONTOLOGIA GENERAL,SI,NO,NO,NO,NO,NO,NO,SI,NO,NO,,DHSS0223612,SI,NO,NO,NO,NO,NO,NO,NO,NO,NO,NO,NO,NO,NO,BAJA
760010395936,PUESTO DE SALUD LA ELVIRA,1,337,OPTOMETRIA,SD,SD,SD,SD,SD,SD,SD,SD,SD,SD,,DHSS0223613,SI,NO,NO,NO,NO,NO,NO,NO,NO,NO,NO,NO,NO,NO,BAJA
760010395936,PUESTO DE SALUD LA ELVIRA,1,344,PSICOLOGIA,SI,NO,NO,NO,NO,NO,NO,SI,NO,NO,,DHSS0223614,SI,NO,NO,NO,NO,NO,NO,NO,NO,NO,NO,NO,NO,NO,BAJA
760010395936,PUESTO DE SALUD LA ELVIRA,1,420,VACUNACION,SD,SD,SD,SD,SD,SD,SD,SD,SD,SD,,DHSS0223615,NO,SI,NO,SI,SI,NO,NO,NO,NO,NO,NO,NO,NO,NO,BAJA
760010395937,PUESTO DE SALUD ALTO AGUACATAL,1,312,ENFERMERIA,SI,NO,SI,NO,NO,NO,NO,SI,NO,NO,,DHSS0223696,SI,SI,SI,SI,SI,NO,NO,NO,NO,NO,NO,NO,NO,NO,BAJA
760010395937,PUESTO DE SALUD ALTO AGUACATAL,1,328,MEDICINA GENERAL,SI,NO,NO,NO,NO,NO,SI,SI,NO,NO,,DHSS0223697,SI,SI,NO,SI,SI,SI,NO,NO,NO,NO,NO,SI,SI,NO,BAJA
760010395937,PUESTO DE SALUD ALTO AGUACATAL,1,334,ODONTOLOGIA GENERAL,SI,NO,NO,NO,NO,NO,NO,SI,NO,NO,,DHSS0223698,SI,NO,NO,NO,NO,NO,NO,NO,NO,NO,NO,NO,NO,NO,BAJA
760010395937,PUESTO DE SALUD ALTO AGUACATAL,1,344,PSICOLOGIA,SI,NO,NO,NO,NO,NO,NO,SI,NO,NO,,DHSS0223699,SI,NO,NO,NO,NO,NO,NO,NO,NO,NO,NO,NO,NO,NO,BAJA
760010395937,PUESTO DE SALUD ALTO AGUACATAL,1,420,VACUNACION,SD,SD,SD,SD,SD,SD,SD,SD,SD,SD,,DHSS0223700,NO,SI,NO,SI,SI,NO,NO,NO,NO,NO,NO,NO,NO,NO,BAJA
760010395909,PUESTO DE SALUD LOURDES,1,312,ENFERMERIA,SI,NO,NO,NO,NO,NO,NO,SI,NO,NO,,DHSS0224600,SI,SI,NO,SI,SI,NO,NO,NO,NO,NO,NO,NO,NO,NO,BAJA
760010395909,PUESTO DE SALUD LOURDES,1,320,GINECOBSTETRICIA,SI,NO,NO,NO,NO,NO,NO,NO,SI,NO,,DHSS0224601,SI,NO,NO,NO,NO,NO,NO,NO,NO,NO,NO,NO,NO,NO,MEDIANA
760010395909,PUESTO DE SALUD LOURDES,1,328,MEDICINA GENERAL,SI,NO,NO,NO,NO,NO,NO,SI,NO,NO,,DHSS0224602,SI,SI,NO,SI,SI,NO,NO,NO,NO,NO,NO,NO,NO,NO,BAJA
760010395909,PUESTO DE SALUD LOURDES,1,333,NUTRICION Y DIETETICA,SI,NO,NO,NO,NO,NO,NO,SI,NO,NO,,DHSS0224603,SI,NO,NO,NO,NO,NO,NO,NO,NO,NO,NO,NO,NO,NO,BAJA
760010395909,PUESTO DE SALUD LOURDES,1,334,ODONTOLOGIA GENERAL,SI,NO,NO,NO,NO,NO,NO,SI,NO,NO,,DHSS0224604,SI,NO,NO,NO,NO,NO,NO,NO,NO,NO,NO,NO,NO,NO,BAJA
760010395909,PUESTO DE SALUD LOURDES,1,337,OPTOMETRIA,SI,NO,NO,NO,NO,NO,NO,SI,NO,NO,,DHSS0224605,SI,NO,NO,NO,NO,NO,NO,NO,NO,NO,NO,NO,NO,NO,BAJA
760010395909,PUESTO DE SALUD LOURDES,1,342,PEDIATRIA,SD,SD,SD,SD,SD,SD,SD,SD,SD,SD,,DHSS0224606,SI,NO,NO,NO,NO,NO,NO,NO,NO,NO,NO,NO,NO,NO,MEDIANA
760010395909,PUESTO DE SALUD LOURDES,1,344,PSICOLOGIA,SI,NO,NO,NO,NO,NO,NO,SI,NO,NO,,DHSS0224607,SI,NO,NO,NO,NO,NO,NO,NO,NO,NO,NO,NO,NO,NO,BAJA
760010395909,PUESTO DE SALUD LOURDES,1,420,VACUNACION,SD,SD,SD,SD,SD,SD,SD,SD,SD,SD,,DHSS0224608,SI,SI,NO,SI,SI,NO,NO,NO,NO,NO,NO,NO,NO,NO,BAJA
760010395940,PUESTO DE SALUD ALTO POLVORINES,1,312,ENFERMERIA,SI,NO,NO,NO,NO,NO,NO,SI,NO,NO,,DHSS0224630,SI,SI,NO,SI,SI,NO,NO,NO,NO,NO,NO,NO,NO,NO,BAJA
760010395940,PUESTO DE SALUD ALTO POLVORINES,1,328,MEDICINA GENERAL,SI,NO,NO,NO,NO,NO,NO,SI,NO,NO,,DHSS0224631,SI,SI,NO,SI,SI,NO,NO,NO,NO,NO,NO,NO,NO,NO,BAJA
760010395940,PUESTO DE SALUD ALTO POLVORINES,1,334,ODONTOLOGIA GENERAL,SI,NO,NO,NO,NO,NO,NO,SI,NO,NO,,DHSS0224632,SI,NO,NO,NO,NO,NO,NO,NO,NO,NO,NO,NO,NO,NO,BAJA
760010395940,PUESTO DE SALUD ALTO POLVORINES,1,420,VACUNACION,SD,SD,SD,SD,SD,SD,SD,SD,SD,SD,,DHSS0224633,NO,SI,NO,SI,SI,NO,NO,NO,NO,NO,NO,NO,NO,NO,BAJA
760010395931,PUESTONDE SALUD PICHINDE,1,308,DERMATOLOGIA,NO,NO,NO,NO,NO,NO,SI,NO,SI,NO,,DHSS0224638,NO,NO,NO,NO,NO,SI,NO,NO,NO,NO,NO,SI,SI,NO,MEDIANA
760010395931,PUESTONDE SALUD PICHINDE,1,312,ENFERMERIA,SI,NO,NO,NO,NO,NO,NO,SI,NO,NO,,DHSS0224639,SI,SI,NO,SI,SI,NO,NO,NO,NO,NO,NO,NO,NO,NO,BAJA
760010395931,PUESTONDE SALUD PICHINDE,1,320,GINECOBSTETRICIA,NO,NO,NO,NO,NO,NO,SI,NO,SI,NO,,DHSS0224640,NO,NO,NO,NO,NO,SI,NO,NO,NO,NO,NO,SI,SI,NO,MEDIANA
760010395931,PUESTONDE SALUD PICHINDE,1,325,MEDICINA FAMILIAR,NO,NO,NO,NO,NO,NO,SI,NO,SI,NO,,DHSS0224641,NO,NO,NO,NO,NO,SI,NO,NO,NO,NO,NO,SI,SI,NO,MEDIANA
760010395931,PUESTONDE SALUD PICHINDE,1,328,MEDICINA GENERAL,SI,NO,NO,NO,NO,NO,SI,SI,NO,NO,,DHSS0224642,SI,SI,NO,SI,SI,SI,NO,NO,NO,NO,NO,SI,SI,NO,BAJA
760010395931,PUESTONDE SALUD PICHINDE,1,329,MEDICINA INTERNA,NO,NO,NO,NO,NO,NO,SI,NO,SI,NO,,DHSS0224643,NO,NO,NO,NO,NO,SI,NO,NO,NO,NO,NO,SI,SI,NO,MEDIANA
760010395931,PUESTONDE SALUD PICHINDE,1,333,NUTRICION Y DIETETICA,NO,NO,NO,NO,NO,NO,SI,SI,NO,NO,,DHSS0224644,NO,NO,NO,NO,NO,SI,NO,NO,NO,NO,NO,SI,SI,NO,BAJA
760010395931,PUESTONDE SALUD PICHINDE,1,334,ODONTOLOGIA GENERAL,SI,NO,NO,NO,NO,NO,NO,SI,NO,NO,,DHSS0224645,SI,NO,NO,NO,NO,NO,NO,NO,NO,NO,NO,NO,NO,NO,BAJA
760010395931,PUESTONDE SALUD PICHINDE,1,337,OPTOMETRIA,SD,SD,SD,SD,SD,SD,SD,SD,SD,SD,,DHSS0224646,SI,NO,NO,NO,NO,NO,NO,NO,NO,NO,NO,NO,NO,NO,BAJA
760010395931,PUESTONDE SALUD PICHINDE,1,342,PEDIATRIA,NO,NO,NO,NO,NO,NO,SI,NO,SI,NO,,DHSS0224647,NO,NO,NO,NO,NO,SI,NO,NO,NO,NO,NO,SI,SI,NO,MEDIANA
760010395931,PUESTONDE SALUD PICHINDE,1,344,PSICOLOGIA,SI,NO,NO,NO,NO,NO,NO,SI,NO,NO,,DHSS0224648,SI,NO,NO,NO,NO,NO,NO,NO,NO,NO,NO,NO,NO,NO,BAJA
760010395931,PUESTONDE SALUD PICHINDE,1,420,VACUNACION,SD,SD,SD,SD,SD,SD,SD,SD,SD,SD,,DHSS0224649,SI,SI,NO,SI,SI,NO,NO,NO,NO,NO,NO,NO,NO,NO,BAJA
760010395932,PUESTO DE SALUD GOLONDRINAS,1,312,ENFERMERIA,SI,NO,SI,NO,NO,NO,NO,SI,NO,NO,,DHSS0224662,SI,NO,SI,NO,NO,NO,NO,NO,NO,NO,NO,NO,NO,NO,BAJA
760010395932,PUESTO DE SALUD GOLONDRINAS,1,328,MEDICINA GENERAL,SI,NO,NO,NO,NO,NO,SI,SI,NO,NO,,DHSS0224665,SI,NO,NO,NO,NO,SI,NO,NO,NO,NO,NO,SI,SI,NO,BAJA
760010395932,PUESTO DE SALUD GOLONDRINAS,1,334,ODONTOLOGIA GENERAL,SI,NO,NO,NO,NO,NO,NO,SI,NO,NO,,DHSS0224668,SI,NO,NO,NO,NO,NO,NO,NO,NO,NO,NO,NO,NO,NO,BAJA
760010395932,PUESTO DE SALUD GOLONDRINAS,1,420,VACUNACION,SD,SD,SD,SD,SD,SD,SD,SD,SD,SD,,DHSS0224672,NO,SI,NO,SI,SI,NO,NO,NO,NO,NO,NO,NO,NO,NO,BAJA
760010395913,CENTRO DE SALUD MELENDEZ,1,132,HOSPITALIZACION PARCIAL,SD,SD,SD,SD,SD,SD,SD,SD,SD,SD,,DHSS0306298,SI,NO,NO,NO,NO,NO,NO,NO,NO,NO,NO,NO,NO,NO,MEDIANA
760010395906,CENTRO DE SALUD SILOE,1,130,HOSPITALIZACION PEDIATRICA,SD,SD,SD,SD,SD,SD,SD,SD,SD,SD,,DHSS0230055,SI,NO,NO,NO,NO,NO,NO,NO,NO,NO,NO,NO,NO,NO,BAJA
760010395906,CENTRO DE SALUD SILOE,1,131,HOSPITALIZACION EN SALUD MENTAL,SD,SD,SD,SD,SD,SD,SD,SD,SD,SD,,DHSS0306301,SI,NO,NO,NO,NO,NO,NO,NO,NO,NO,NO,NO,NO,NO,MEDIANA
760010395906,CENTRO DE SALUD SILOE,1,132,HOSPITALIZACION PARCIAL,SD,SD,SD,SD,SD,SD,SD,SD,SD,SD,,DHSS0306302,SI,NO,NO,NO,NO,NO,NO,NO,NO,NO,NO,NO,NO,NO,MEDIANA
760010395906,CENTRO DE SALUD SILOE,1,129,HOSPITALIZACION ADULTOS,SD,SD,SD,SD,SD,SD,SD,SD,SD,SD,,DHSS0230054,SI,NO,NO,NO,NO,NO,NO,NO,NO,NO,NO,NO,NO,NO,BAJA
760010395906,CENTRO DE SALUD SILOE,1,204,CIRUGIA GINECOLOGICA,NO,SI,NO,NO,NO,NO,NO,NO,SI,NO,,DHSS0230056,SI,NO,NO,NO,NO,NO,NO,NO,NO,NO,NO,NO,NO,NO,MEDIANA
760010395901,E.S.E. RED DE SALUD DE LADERA EMPRESA SOCIAL DEL ESTADO HOSPITAL CANAVERALEJO,1,209,CIRUGIA OTORRINOLARINGOLOGIA,SI,NO,NO,NO,NO,NO,NO,NO,SI,NO,,DHSS0218454,SI,NO,NO,NO,NO,NO,NO,NO,NO,NO,NO,NO,NO,NO,MEDIANA
760010395901,E.S.E. RED DE SALUD DE LADERA EMPRESA SOCIAL DEL ESTADO HOSPITAL CANAVERALEJO,1,208,CIRUGIA OFTALMOLOGICA,SI,NO,NO,NO,NO,NO,NO,NO,SI,NO,,DHSS0218453,SI,NO,NO,NO,NO,NO,NO,NO,NO,NO,NO,NO,NO,NO,MEDIANA
760010395901,E.S.E. RED DE SALUD DE LADERA EMPRESA SOCIAL DEL ESTADO HOSPITAL CANAVERALEJO,1,207,CIRUGIA ORTOPEDICA,SI,NO,NO,NO,NO,NO,NO,NO,SI,NO,,DHSS0218452,SI,NO,NO,NO,NO,NO,NO,NO,NO,NO,NO,NO,NO,NO,MEDIANA
760010395901,E.S.E. RED DE SALUD DE LADERA EMPRESA SOCIAL DEL ESTADO HOSPITAL CANAVERALEJO,1,204,CIRUGIA GINECOLOGICA,SI,NO,NO,NO,NO,NO,NO,NO,SI,NO,,DHSS0218451,SI,NO,NO,NO,NO,NO,NO,NO,NO,NO,NO,NO,NO,NO,MEDIANA
760010395901,E.S.E. RED DE SALUD DE LADERA EMPRESA SOCIAL DEL ESTADO HOSPITAL CANAVERALEJO,1,203,CIRUGIA GENERAL,SI,SI,NO,NO,NO,NO,NO,SI,NO,NO,,DHSS0218450,SI,NO,NO,NO,NO,NO,NO,NO,NO,NO,NO,NO,NO,NO,MEDIANA